qidianBookId,numOfChapters,numOfCollectedChapters,completionPercentage,missingChapterIds,noCommentChapterIds
3691373,30,29,100.0,[],['788184497']
1321320,82,78,100.0,[],"['26664393', '26877992', '63027631', '385681856']"
2136013,30,29,100.0,[],['35316186']
1192037,100,96,100.0,[],"['23741416', '25546054', '38686512', '48031966']"
1911245,98,91,100.0,[],"['36311716', '31922175', '32130362', '32273460', '32396327', '32428071', '32430690']"
1003903188,30,29,100.0,[],['325644496']
3434836,115,108,99.08256880733946,['85964736'],"['81213865', '82410051', '82827441', '82873721', '82787248', '82884312']"
3692857,83,80,98.76543209876543,['96043669'],"['96082618', '96218886']"
3446747,44,43,97.72727272727273,['81923744'],[]
1003692682,114,108,94.73684210526315,"['343998860', '341658919', '341658932', '341658947', '341658981', '341659039', '341659059', '341660460', '341660505', '341660614', '341660644', '341660671', '341660711', '341660737', '341660806', '341660843', '341660876', '341660931', '341660985', '341661038', '341663999', '341664086', '341664152', '341664240', '341664278', '341664329', '341664357', '341664391', '341664433', '341974854', '341990949', '341990986', '342039430', '342039657', '342039840', '342114246', '342114355', '342156151', '342240180', '342278599', '342308031', '342348840', '342375105', '342407991', '342408061', '342468985', '342469037', '342555341', '342556298', '342624055', '342624099', '342689854', '342689860', '342757210', '342757288', '342824256', '342824263', '342886981', '342887080', '342887138', '342887182', '343018297', '343018407', '343091700', '343091716', '343172784', '343172813', '343243473', '343243578', '343315513', '343315526', '343373409', '343373422', '343373481', '343373523', '343432484', '343432590', '343489259', '343656784', '343656802', '343904591', '343904703', '344011257', '344011278', '344083980', '344084044', '344152936', '344152965', '344213156', '344213344', '344236803', '344276111', '344283059', '344276147', '344353673', '344353709', '344593972', '344594033', '344931233', '344931261', '345728269', '345728315', '345795998', '345796049', '345855414', '345855445', '345911099', '345911124', '345993872', '345995086', '346072324', '346072360', '346228740', '346228841']",[]
1003483393,132,119,90.15151515151516,"['307826633', '308253085', '308327959', '308476955', '309211992', '309456978', '309922723', '310324432', '310370083', '310677190', '311360285', '311467171', '311568208']",[]
1005406434,131,118,90.07633587786259,"['353206944', '353206988', '353786554', '354344613', '354433908', '355025987', '358105801', '358957519', '359140302', '359264636', '360707474', '364885205', '367262048']",[]
1005038448,136,119,87.5,"['350193761', '350241532', '350273414', '350327429', '350431267', '350805466', '350897257', '351161711', '351568743', '351735140', '353018840', '354746340', '354952367', '355278865', '355403351', '356446120', '357927884']",[]
1524659,109,95,87.1559633027523,"['27229236', '27266208', '27324050', '27638163', '27669393', '28130552', '28317938', '29693281', '29693308', '29693320', '30812512', '30931734', '32932677', '33647501']",[]
3456256,98,85,86.73469387755102,"['82190881', '82342640', '82414469', '82677959', '82749962', '82819573', '82968405', '83190199', '83261666', '83279506', '83334107', '83572169', '83798222']",[]
1003694333,125,108,86.4,"['315522919', '315824650', '315903231', '315946679', '315947082', '316332299', '316583755', '316957280', '318500426', '318558663', '318614041', '318614242', '318767634', '319044276', '319045155', '322761071', '324456016']",[]
2351015,88,76,86.36363636363636,"['81180529', '39441882', '39446500', '39474481', '39610373', '39628821', '39654584', '39767731', '39844662', '39914334', '39936400', '40052069']",[]
2750457,72,62,86.11111111111111,"['46354696', '46360582', '46420056', '46456485', '46484002', '46537009', '46548212', '46726572', '46749069', '46893637']",[]
2048120,93,80,86.02150537634408,"['33688042', '33713339', '33722931', '33774575', '33886209', '33905691', '33990469', '34066417', '34106477', '34215320', '34273603', '34290972', '34337128']",[]
2248950,100,85,85.0,"['37426106', '37550755', '37738786', '37769863', '37801013', '37820217', '37833414', '37904036', '38001548', '38068346', '38215912', '38255592', '38281533', '38291679', '38298942']",[]
1003374314,105,89,84.76190476190476,"['305792241', '306721394', '315444277', '315829983', '316098212', '306102882', '306212820', '306621186', '306999647', '307413840', '307580121', '308097173', '308492542', '308515794', '308797072', '308887424']",[]
3088498,131,111,84.7328244274809,"['88857678', '50908032', '50914541', '50955855', '50999598', '51197390', '51262571', '51443374', '51474881', '51492495', '51529996', '51727275', '51758864', '51772428', '51845944', '51924460', '51933797', '51969229', '51994022', '52046223']",[]
3362920,201,170,84.5771144278607,"['81269644', '81269709', '81269792', '81269870', '81269913', '81269960', '81269994', '73315161', '73315216', '82450910', '82450952', '82450965', '82450977', '82450993', '73315286', '82451039', '82451046', '82451054', '82451066', '372898570', '533086063', '73315190', '73315349', '76628918', '308066070', '308066073', '308066117', '77648786', '77790283', '78786516', '80062550']",[]
1003529357,114,96,84.21052631578947,"['310158936', '349709694', '376049607', '309219607', '309054148', '309054181', '310029970', '310307003', '310443651', '310491557', '310879323', '311667945', '311869174', '312766786', '315466681', '315934275', '317591357', '317671264']",[]
1006629321,124,104,83.87096774193549,"['359239150', '359336456', '359348162', '359452342', '359954085', '360972897', '362296340', '363011746', '366212152', '367268450', '368686074', '368888407', '369331427', '369414293', '370018353', '370599239', '370678171', '370685526', '371707640', '372312810']",[]
1004819231,134,112,83.5820895522388,"['341804666', '347343346', '352931334', '379358810', '387430124', '341410527', '341664332', '341737414', '342085032', '342487367', '342637608', '343182372', '344023065', '344527408', '346910502', '347230560', '347313061', '348644014', '348787572', '348878645', '349293413', '350019365']",[]
1004073922,131,109,83.20610687022901,"['325656330', '325901898', '325984508', '328339840', '328372747', '328542242', '328573307', '328600614', '328717456', '332366814', '332709188', '333734903', '336198112', '336826172', '338056481', '340317275', '340813154', '341208435', '341275641', '341491191', '341801053', '342154052']",[]
3569244,88,73,82.95454545454545,"['93008279', '306813567', '86456781', '86460931', '86525829', '86537672', '86642170', '86679411', '86753126', '87463037', '87497387', '87541393', '87691884', '87692181', '87804245']",[]
1004879785,108,89,82.4074074074074,"['350898539', '377402703', '342729080', '342888120', '343211360', '343490886', '345633372', '346036624', '346112272', '346276918', '346448306', '346543977', '346625120', '349029110', '349191752', '349262756', '349914344', '350079782', '350286367']",[]
1003489343,165,134,81.21212121212122,"['316451641', '317618665', '317883048', '318482893', '318672136', '318775826', '318991237', '324837882', '325592136', '325610134', '326966920', '327931556', '328619029', '333272079', '336461132', '343213883', '352961068', '358612504', '358614142', '308097715', '308278676', '308325357', '309555743', '309583227', '309694955', '310219677', '310402655', '310494402', '311119622', '311618816', '312772297']",[]
1003307568,110,89,80.9090909090909,"['310012057', '310042019', '310056369', '310105068', '310155106', '310197964', '310361622', '310574721', '310825457', '311180659', '311243661', '311623606', '311658065', '312219587', '312768871', '312790764', '312886788', '313889905', '314668068', '314705365', '315099322']",[]
1017141,98,79,80.61224489795919,"['20363143', '20373878', '20373879', '20645998', '20661450', '20805893', '22421632', '22727624', '23165021', '23192414', '24443404', '43446949', '63027678', '385681889', '20361055', '20367019', '20370258', '20373508', '20376543', '20379725', '20382215', '20385936', '20388379', '20390214', '20392180', '20394366', '20398123', '20400870', '20404277', '20406931', '20410668', '20413212', '20417568', '20419935', '20423957', '20426292', '20430901', '20433723', '20435864', '20437926', '20440515', '20444627', '20447472', '20451339', '20453938', '20458043', '20460313', '20464781', '20467399', '20472048', '20474072', '20478182', '20480160', '20482385', '20484688', '20486926', '20491007', '20493762', '20497645', '20500118', '20504516', '20507129', '20511913', '20514314', '20519378', '20521810', '20526966', '20529373', '20534573', '20537655', '20542755', '20545512', '20550567', '20553235', '20557488', '20561574', '20565129', '20569995', '20571917', '20577547', '20581008', '20584917', '20586311', '20591003', '20597835', '20597951', '20605063', '20607535', '20613516', '20614428', '20621032', '20622191', '20629166', '20629680', '20635949', '20637253', '20642986', '20644387']",[]
2992544,110,88,80.0,"['48939882', '50161945', '50562667', '48024154', '48403696', '48433104', '48527616', '48577994', '48591648', '48596490', '48698499', '48714759', '48720429', '48753643', '48779212', '48796678', '48824745', '48839158', '48864871', '48872381', '48887643', '48895039']",[]
1003667321,109,87,79.81651376146789,"['312866587', '313267485', '313267546', '314119521', '314303621', '314624650', '314674653', '314746992', '314859241', '315071854', '315444780', '315495155', '315807002', '315870001', '316117412', '316284469', '316600900', '317932174', '318320124', '318483652', '318822458', '323549436']",[]
2070910,106,84,79.24528301886792,"['37992765', '50333812', '50786416', '37300031', '37305831', '37438315', '37605674', '37773188', '37815997', '37822937', '38001162', '38018094', '38053377', '38076650', '38083793', '38101364', '38115409', '38120413', '38152844', '38172334', '38238698', '38271353']",[]
1039430,89,70,78.65168539325843,"['21724538', '27675565', '38312114', '38312128', '21373029', '21373040', '21424467', '21487079', '21495413', '21515659', '21537569', '21549137', '21571150', '21579826', '21583047', '21587795', '21604439', '21641277', '21707029']",[]
3106580,145,114,78.62068965517241,"['51501004', '51719753', '52840427', '53973486', '54014339', '77610296', '92840772', '51429904', '51445299', '51467810', '51474415', '51489548', '51496855', '51510378', '51537852', '51597186', '51640940', '51670378', '51685440', '51752850', '51935960', '52002604', '52046351', '52072206', '52085124', '52388053', '52585762', '52897746', '52990107', '53011856', '53154911']",[]
3045109,126,99,78.57142857142857,"['50619600', '50843137', '51722735', '49685941', '49706528', '49810209', '49859585', '49878520', '49965643', '49993841', '50031326', '50088093', '50117111', '50135291', '50171804', '50181649', '50267325', '50356313', '50414612', '50480649', '50547207', '50631787', '50660542', '50679553', '50689142', '50745162', '50825486']",[]
3594762,152,118,77.63157894736842,"['87524352', '87786615', '88797226', '88918448', '88948418', '89057086', '89071923', '89107203', '89139040', '89172795', '89238909', '89250799', '89359732', '89378384', '89401690', '89826619', '89842038', '89881791', '89909400', '89941186', '90012604', '90042977', '90085642', '90102160', '90219469', '90302704', '90313058', '90400187', '90490522', '90635772', '90635774', '90635776', '90635778', '90635779']",[]
3242304,107,83,77.57009345794393,"['93017351', '56310617', '56639484', '56681432', '56745696', '56905583', '56908561', '57041204', '57238891', '57381770', '57647638', '57761552', '58030620', '58218979', '58635775', '59023823', '60261688', '61255455', '62255363', '63560156', '64179630', '64745359', '65370120', '65427944']",[]
3471716,132,102,77.27272727272727,"['84248721', '350039937', '82873733', '83015466', '83036373', '83078902', '83162768', '83256183', '83292459', '83365643', '83446656', '83500522', '83571405', '83599863', '83742852', '83770255', '83910365', '84022459', '84090998', '84163964', '84192113', '84290775', '84320012', '84377876', '84421324', '84535794', '84606456', '84634761', '84678257', '84799915']",[]
3621897,108,82,75.92592592592592,"['88976857', '88990483', '89186908', '89221216', '89440252', '89579361', '89796640', '89867976', '89883448', '89938988', '89951852', '90221847', '90305596', '90434701', '90517529', '90540169', '90552019', '90570224', '90574610', '90596515', '90614288', '90639208', '90653546', '90676684', '90693834', '90694365']",[]
3017651,145,110,75.86206896551724,"['49544572', '49994320', '50256112', '50554879', '50749662', '51344423', '51598444', '51598461', '51758736', '53561357', '53786231', '53947236', '77885577', '82755173', '83973726', '48701374', '48772682', '49297775', '49297826', '49325587', '49355875', '49488415', '49503933', '49669507', '49716997', '49748681', '49775445', '49851071', '49947313', '49979402', '49994300', '50024950', '50049249', '50175037', '50238036']",[]
3434900,118,89,75.42372881355932,"['82649860', '83197396', '87281941', '92681307', '309320000', '379303714', '428458109', '81211579', '81233547', '81262058', '81389428', '81407009', '81782095', '81816478', '81831812', '81875087', '82018075', '82038940', '82056091', '82091534', '82126096', '82450506', '82464871', '82565301', '82766600', '82918561', '83041439', '83096589', '83124389']",[]
2673646,97,73,75.25773195876289,"['46432710', '46432723', '46432751', '47608481', '47656543', '47691925', '48396735', '361737841', '46277760', '46538282', '46583893', '46766436', '46785829', '46807350', '46829151', '46849022', '47001733', '47006086', '47210005', '47360878', '47380998', '47386418', '47463966', '47627389']",[]
2443169,87,64,73.5632183908046,"['43072688', '88112599', '40828960', '40968992', '40968995', '41058568', '41109857', '41109864', '41169023', '41214361', '41228452', '41255551', '41298748', '41382449', '41382458', '41397581', '41397622', '41411336', '41439553', '41439583', '41453034', '41466784', '47806065']",[]
3513193,155,114,73.54838709677419,"['84237235', '84263781', '84313002', '84353786', '84371281', '84400546', '84439731', '84456413', '84525964', '84581529', '84600563', '84628500', '84640351', '84668646', '84748003', '84776464', '84820595', '84865545', '84910454', '84926512', '84988070', '85034710', '85154125', '85477179', '85719320', '85798695', '86194028', '86352103', '86368453', '86513188', '86633135', '86670897', '86755117', '86770063', '86849484', '86909606', '87020759', '87450250', '87526174', '87637017', '87681905']",[]
1003306811,100,73,73.0,"['308979269', '301882757', '301963971', '302097980', '302860567', '305695853', '305887740', '306183749', '306275098', '306629809', '307016238', '307069369', '307123886', '307250622', '307421051', '307475202', '307525394', '307655773', '307655873', '307938146', '307994562', '308038991', '308329037', '308468099', '308836516', '308893242', '308978635']",[]
3123620,84,61,72.61904761904762,"['84062796', '305564061', '52111207', '52143254', '52333899', '52398196', '52811256', '52855988', '52926516', '52972865', '53017569', '53036111', '53086033', '53113620', '53467647', '53596381', '53632337', '53701357', '53718228', '53808007', '53830176', '54035053', '54131167']",[]
1562523,127,92,72.44094488188976,"['27688187', '28664100', '29301628', '29528889', '29540588', '34172050', '34172054', '34172056', '38312092', '27608696', '27619569', '27621064', '27633640', '27656454', '27680343', '27681484', '27684739', '27702899', '27712544', '27736965', '27755069', '27775092', '27804912', '27808026', '27810044', '27823674', '27828890', '27840826', '27845499', '27853955', '27887974', '27890615', '27907702', '27914009', '27925210']",[]
1975936,39,27,69.23076923076923,"['33182306', '33225357', '33338355', '33363126', '34738568', '34738669', '40368232', '41828753', '32799382', '32814228', '32828043', '32931402']",[]
1639199,104,69,66.34615384615384,"['30777179', '33022023', '33685185', '40315613', '42711950', '28520417', '28525150', '28530847', '28538548', '28557230', '28564720', '28604899', '28632686', '28639729', '28676903', '28696551', '28705226', '28718254', '28744518', '28749634', '28755370', '28764781', '28770121', '28776161', '28790565', '28813763', '28859602', '28874317', '28894299', '28908703', '28929808', '28994797', '29009093', '29034566', '29051946']",[]
1887208,97,63,64.94845360824742,"['38297305', '53285111', '31537158', '31548663', '31555029', '31562660', '31568605', '31599200', '31621839', '31636437', '31642490', '31649623', '31655377', '31680671', '31740377', '31786901', '31787743', '31793141', '31802665', '31815334', '31833325', '31862123', '31876917', '31921143', '31926778', '31950535', '31952161', '31952349', '31957738', '31967168', '31974291', '31981912', '31995860', '31997279']",[]
2643379,116,74,63.793103448275865,"['44596982', '45127472', '45777353', '46170049', '46805641', '47060264', '47707636', '47858473', '48556058', '48718963', '49726027', '50141008', '50499562', '50594737', '51098158', '52464922', '53171329', '56304695', '44290668', '44314053', '44331381', '44343450', '44371906', '44380666', '44430864', '44461575', '44484071', '44554814', '44574924', '44650045', '44700039', '44711770', '44721316', '44731903', '44833192', '44842257', '44921405', '44935822', '44973671', '44982799', '45071752', '45098554']",[]
1004607930,77,49,63.63636363636363,"['343344511', '336801615', '336802930', '336803002', '336805724', '336830680', '336831242', '336834394', '341510497', '341510581', '341827115', '341827233', '341827379', '341827785', '341827839', '341851050', '341851234', '341851613', '342556889', '342556933', '342742531', '343091617', '343091748', '343091769', '343241440', '343241491', '343279671', '343280121']",[]
2597043,87,54,62.06896551724138,"['46172059', '83460229', '83460749', '83461869', '83461872', '322853114', '43478534', '43498800', '43536806', '43565642', '43593114', '43625593', '43688076', '43700786', '43707717', '43720850', '43791221', '43807064', '43807067', '43828957', '43842300', '43886279', '43914080', '43921391', '43929401', '44000973', '44027705', '44047085', '44075397', '44088647', '44280584', '44429256', '44472814']",[]
2502372,104,61,58.65384615384615,"['42730733', '385681751', '42712100', '42721626', '42730508', '42734570', '42742725', '42758990', '42767038', '42783257', '42800449', '42808513', '42816498', '42832851', '42849405', '42856680', '42896920', '42905123', '42928550', '42960468', '42977493', '43002225', '43019210', '43047326', '43055286', '43071304', '43075285', '43120203', '43168206', '43184526', '43193652', '43209545', '43226088', '43280302', '43360598', '43370102', '43377629', '43428371', '43438410', '43446041', '43456475', '43467915', '45634753']",[]
1003354631,137,75,54.74452554744526,"['306873415', '307005095', '307067155', '307067259', '307067393', '307191910', '307206883', '307258962', '307657216', '308040892', '308287297', '308523648', '308523701', '308591352', '308708361', '308807095', '308941289', '309028427', '309227144', '309227906', '309227947', '309229070', '309230033', '309230209', '309230345', '309230594', '309230824', '309231298', '309929608', '309938070', '309938253', '309984678', '309984719', '310038636', '310038676', '310087243', '310087364', '310087431', '310087501', '310143725', '310181370', '310201358', '310181409', '310228266', '310228398', '310275037', '310275067', '310317989', '310318110', '310362364', '310362439', '310410577', '310410648', '310456291', '310456368', '310503639', '310503762', '310666357', '310667202', '310777838', '310778182', '310921910']",[]
1010191960,142,73,51.40845070422535,"['382639401', '382639471', '382639530', '382639699', '382639777', '382639843', '382639898', '382639956', '382640048', '382640116', '382640210', '383258178', '382640252', '382640311', '382640395', '382640486', '382640534', '383006305', '383212744', '383240263', '383356738', '383509878', '383577215', '383763161', '383846924', '383892115', '384209798', '384221943', '384695626', '384763997', '384817840', '384868347', '384887754', '384898799', '384939435', '385139129', '385204790', '385222261', '385279233', '385413863', '385475456', '385499342', '385676148', '385695348', '385760009', '385813508', '385849284', '385849834', '385949327', '385949787', '385950489', '386115509', '386298194', '386458363', '386465240', '386473473', '386473846', '386561439', '386580334', '386580590', '386664492', '386664966', '386742392', '386745061', '386809048', '386825052', '386826298', '386902009', '386904821']",[]
1004936518,71,36,50.70422535211267,"['344096395', '344107972', '344117789', '344199685', '344356977', '344593688', '344711607', '345008120', '345860852', '345886940', '345958744', '346002820', '346256729', '346314607', '346347960', '346380833', '346385950', '346443926', '346471464', '346564444', '346699127', '346790848', '346893686', '346981440', '347079733', '347157609', '347236851', '347309756', '348702333', '348769228', '348843191', '348970039', '349063857', '349598797', '349755886']",[]
1004608738,124,52,41.935483870967744,"['339991957', '340041926', '340906931', '341205080', '341233092', '341272462', '341306913', '341348833', '341378970', '341417634', '341445804', '341477852', '341517165', '341536875', '341578387', '341607047', '341637377', '341667381', '341707906', '341741024', '341774838', '341809681', '341845345', '341876703', '341906848', '341941744', '341978727', '342002154', '342032094', '342073413', '342147538', '342218455', '342257191', '342293913', '342329558', '342394451', '342427082', '342459212', '342497365', '342538791', '342579411', '342614443', '342649006', '342686445', '342711570', '342747294', '342817804', '342845887', '342876897', '342895382', '342936641', '343036938', '343082392', '343120604', '343303424', '343966569', '344006883', '344100048', '344202796', '344231748', '344301772', '344376928', '344580710', '345713744', '345845509', '345870544', '345901925', '345934876', '345970522', '346602597', '346645682', '346915655']",[]
1004179514,148,45,30.405405405405407,"['339781806', '340746301', '341262916', '341282524', '341288887', '341314774', '341405054', '341445451', '341467250', '341481758', '341547581', '341617244', '341762723', '341800220', '341813999', '341926598', '341966847', '341988365', '342051689', '342141191', '342270741', '342518818', '342550630', '342694578', '342839323', '342884201', '342884313', '342971919', '342993498', '342997224', '343093050', '343057917', '343150451', '343220732', '343242095', '343314134', '343328851', '343358271', '343388889', '343391852', '343430938', '343431102', '343655801', '343802206', '343883603', '343919794', '343984626', '344010160', '344029004', '344082194', '344082470', '344119139', '344119175', '344210026', '344210031', '344210057', '344271160', '344351935', '344352035', '344587814', '344640404', '344668059', '344914984', '345643405', '345643905', '345719963', '345720013', '345754967', '345755031', '345755188', '345840607', '345840660', '345850341', '345893081', '345893140', '345907760', '345952386', '345952425', '345952508', '346035310', '346035347', '346138961', '346139050', '346276094', '346276260', '346337844', '346337965', '346419953', '346420115', '346452604', '346452633', '346452660', '346548346', '346548380', '346630948', '346631002', '346693549', '346693583', '346800073', '346800307', '346899827', '346901575', '346901855']",[]
3690858,85,13,15.294117647058824,"['94940496', '94940498', '94940501', '94940503', '94940505', '94940507', '94940509', '94940511', '94940517', '94940519', '94940521', '94940522', '94940523', '94940524', '94940526', '94940527', '94940528', '94940529', '94940531', '94940533', '94940534', '94940535', '94940536', '94940538', '94940539', '94940540', '94940541', '94963688', '94963691', '94963693', '94982581', '94982582', '94982584', '94998864', '94998865', '94998866', '94998867', '95022153', '95022154', '95022155', '95022156', '95039387', '95039388', '95039389', '95039390', '95064758', '95064759', '95064760', '95064761', '95083300', '95083302', '95083304', '95083307', '95099244', '95099245', '95125516', '95125518', '95125521', '95125524', '95125529', '95125532', '95165384', '95165387', '95165391', '95165393', '95165395', '95165398', '95165403', '95165407', '95172743', '95172745', '95172747']",[]
3681560,107,7,6.5420560747663545,"['386174264', '92156843', '92275398', '92396795', '92401452', '92407324', '92430075', '92440190', '92461349', '92471622', '92475881', '92492210', '92500223', '92522590', '92532916', '92553615', '92564685', '92583734', '92593537', '92607255', '92607304', '92607379', '92607550', '92645037', '92655028', '92675826', '92685946', '92706926', '92716570', '92720286', '92736945', '92747272', '92767974', '92778153', '92798670', '92808354', '92820316', '92824527', '92842013', '92866410', '92876009', '92897703', '92906511', '92926579', '92934184', '92954516', '92963061', '92981123', '92989372', '93006496', '93015139', '93024555', '93036143', '93037939', '93053153', '93057946', '93075754', '93080844', '93098347', '93105228', '93121607', '93128884', '93145186', '93153087', '93169660', '93177561', '93189270', '93194740', '93203303', '93220899', '93229190', '93246503', '93255835', '93274567', '93283488', '93301879', '93304074', '93310834', '93330179', '93339040', '93359133', '93365920', '93377895', '93383756', '93392841', '93413803', '93422542', '93442367', '93451113', '93469186', '93469384', '93492614', '93498567', '93513986', '93520941', '93535630', '93542587', '93551164', '93556647', '93564879']",[]
1010327039,127,5,3.937007874015748,"['413043721', '413046082', '413046889', '414056259', '414115182', '414145253', '414262319', '414262459', '414608351', '414638975', '414797898', '414858894', '414883901', '415024650', '415194462', '415279173', '415307714', '415383820', '415408941', '415476253', '415504312', '415504752', '415574607', '415663057', '415666269', '415771109', '415771296', '415771449', '415928643', '415928819', '416043076', '416043325', '416116050', '416116251', '416204803', '416204882', '416295707', '416296482', '416412185', '416486846', '416512818', '416574679', '416620074', '416690926', '416692941', '416777099', '416777222', '416868023', '416885978', '416886205', '417012721', '417012793', '417122580', '417122813', '417236153', '417236281', '417318587', '417318821', '417428499', '417516699', '417540809', '417540978', '417640691', '417716071', '417737588', '417737897', '417858623', '417942762', '417989667', '418113046', '418185071', '418305952', '418332486', '418397318', '418419873', '418496765', '418587646', '418700240', '418732673', '418732947', '418862780', '418939292', '418987857', '419074516', '419160451', '419242513', '419242838', '419338230', '419346306', '419346402', '419494715', '419581202', '419622717', '419622955', '419808435', '419893409', '419930462', '419930564', '420042802', '420114484', '420143063', '420143191', '420233617', '420233983', '420329615', '420329763', '420465009', '420466743', '420574341', '420574863', '420680586', '420680666', '420831489', '420831910', '420959597', '420960367', '421077630', '421078072', '421217166', '421217463', '421314774', '421317646']",[]
1010327039,127,5,3.937007874015748,"['413043721', '413046082', '413046889', '414056259', '414115182', '414145253', '414262319', '414262459', '414608351', '414638975', '414797898', '414858894', '414883901', '415024650', '415194462', '415279173', '415307714', '415383820', '415408941', '415476253', '415504312', '415504752', '415574607', '415663057', '415666269', '415771109', '415771296', '415771449', '415928643', '415928819', '416043076', '416043325', '416116050', '416116251', '416204803', '416204882', '416295707', '416296482', '416412185', '416486846', '416512818', '416574679', '416620074', '416690926', '416692941', '416777099', '416777222', '416868023', '416885978', '416886205', '417012721', '417012793', '417122580', '417122813', '417236153', '417236281', '417318587', '417318821', '417428499', '417516699', '417540809', '417540978', '417640691', '417716071', '417737588', '417737897', '417858623', '417942762', '417989667', '418113046', '418185071', '418305952', '418332486', '418397318', '418419873', '418496765', '418587646', '418700240', '418732673', '418732947', '418862780', '418939292', '418987857', '419074516', '419160451', '419242513', '419242838', '419338230', '419346306', '419346402', '419494715', '419581202', '419622717', '419622955', '419808435', '419893409', '419930462', '419930564', '420042802', '420114484', '420143063', '420143191', '420233617', '420233983', '420329615', '420329763', '420465009', '420466743', '420574341', '420574863', '420680586', '420680666', '420831489', '420831910', '420959597', '420960367', '421077630', '421078072', '421217166', '421217463', '421314774', '421317646']",[]
1012908315,122,0,0.0,"['427390428', '429107814', '438059425', '424053147', '424053221', '424150229', '424152186', '424152245', '424152368', '424152544', '424152590', '424152634', '424152722', '424152755', '424793776', '424793969', '424794205', '424794327', '424794474', '424794607', '425252769', '425337702', '425651119', '425715651', '425754221', '425866004', '425899194', '425937564', '425977615', '426012091', '426064167', '426077959', '426145330', '426145379', '426217243', '426235034', '426250373', '426287165', '426322764', '426362536', '426408301', '426455699', '426483066', '426524221', '426585270', '426617046', '426667515', '426694452', '426747469', '426751958', '426882592', '426914695', '426976882', '427026318', '427077093', '427100872', '427154495', '427198822', '427231992', '427276195', '427324243', '427390146', '427408952', '427424585', '427529801', '427594088', '427627969', '427651529', '427710417', '427742543', '427795459', '427834855', '427873765', '427901286', '427945045', '427987997', '428042444', '428092042', '428156959', '428234541', '428269687', '428319939', '428398706', '428469158', '428481293', '428526048', '428576364', '428608610', '428671325', '428691949', '428720891', '428777636', '428809174', '428864439', '428886561', '428955229', '428990509', '429029302', '429049327', '429104104', '429119058', '429222972', '429254802', '429300338', '429338516', '429360413', '429456412', '429480863', '429543875', '429561030', '429603244', '429655409', '429741350', '429755996', '429831682', '429915598', '429974507', '429985766', '429985875', '429985979', '429986096', '430395230']",[]
1013315278,87,0,0.0,"['429845731', '429959674', '429992884', '430043492', '430083744', '430113190', '430247060', '430331200', '430422808', '430447619', '430576445', '430692387', '430730408', '430767439', '430828372', '430923345', '431100850', '431137643', '431349379', '431401986', '431538046', '431734845', '431782543', '431852570', '431931069', '431999228', '432028667', '432167831', '432197660', '432276376', '432310420', '432388089', '432455659', '432541016', '432658852', '432693551', '432760639', '432794444', '432853617', '432898402', '432960972', '433000089', '433069535', '433114896', '433178080', '433382070', '433459912', '433508070', '433588251', '433641271', '433673449', '433721104', '433823336', '433881978', '433943231', '433998689', '434048661', '434100435', '434155831', '434276225', '434321702', '434355919', '434400720', '434444172', '434509980', '434587571', '434673500', '434742837', '434798973', '434837974', '434942938', '434996761', '435053067', '435136072', '435171769', '435217772', '435238262', '435309943', '435346779', '435350748', '435492130', '435509709', '435644974', '435725613', '435858210', '435913946', '435923866']",[]
1013009467,136,0,0.0,"['426255855', '429560255', '430055882', '430739330', '434228488', '434374732', '622710202', '425494409', '425612378', '425724085', '425803169', '425957091', '426031712', '426131713', '426190329', '426255799', '426268729', '426404976', '426420757', '426475569', '426507660', '426616483', '426650055', '426714323', '426741741', '426815514', '426844170', '426920000', '426952343', '427033420', '427057911', '427143314', '427147874', '427230523', '427253188', '427370613', '427386201', '427485697', '427567218', '427655392', '427684724', '427745467', '427778747', '427857189', '427932790', '427961121', '428037638', '428156587', '428194021', '428281048', '428415072', '428450090', '428525136', '428564931', '428625559', '428644292', '428718394', '428759120', '428806077', '428846694', '428892747', '428936551', '429001872', '429027098', '429069006', '429181014', '429223210', '429301664', '429334132', '429426178', '429470747', '429532507', '429620423', '429655808', '429709267', '429745213', '429797335', '429833107', '429915282', '429960648', '430033985', '430146686', '430341328', '430387040', '430449751', '430490303', '430609541', '430633563', '430719989', '430812731', '430845178', '431074084', '431152978', '431341716', '431374519', '431615147', '431768369', '431803930', '431858966', '431873124', '431943244', '431997088', '432163767', '432263020', '432348690', '432384971', '432457078', '432499979', '432566945', '432634099', '432696155', '432727777', '432785254', '432824010', '432898656', '432930861', '433015554', '433045361', '433106040', '433133891', '433345475', '433429625', '433500088', '433533675', '433589894', '433618353', '433697748', '433816459', '433849104', '433942804', '433972234', '434041062', '434075302', '434147299', '434176259', '434181296']",[]
1022939709,111,0,0.0,"['559817135', '559859821', '559979897', '559980235', '559980575', '559981376', '560005352', '560012035', '560028643', '561572001', '561577906', '561587457', '561587649', '561587772', '561608831', '561609105', '561609299', '561609394', '561609558', '561609708', '561609825', '561610060', '561610231', '561610396', '561610648', '561610855', '561610939', '561611102', '561611210', '561611328', '561611584', '561611820', '561611988', '563309616', '563309984', '563310445', '563310853', '563311370', '563312005', '563321194', '563321453', '563321913', '563322141', '563322386', '563322705', '563323246', '563400819', '563400940', '563401048', '563401161', '563401335', '563401505', '563401871', '563401978', '563402089', '563402213', '563402368', '565095823', '565096030', '565096173', '565096245', '565096330', '565096442', '565096477', '565096569', '565096594', '565097338', '565097384', '565097434', '565097829', '565098736', '565098936', '565276222', '565276251', '565276293', '565276350', '565276423', '565276502', '565276535', '565276581', '565399858', '565399880', '565399899', '565399921', '565399935', '565400186', '565400625', '566254572', '566257670', '566265128', '566269091', '570642981', '572259732', '572265465', '572265534', '572265582', '572265624', '572265649', '572268720', '572268763', '572268804', '572268865', '572268928', '572268994', '572269036', '572269077', '574197752', '575101858', '575389116', '575398512', '576270562']",[]
1023547662,71,0,0.0,"['567423726', '567423960', '567981339', '567981506', '568839592', '569082279', '570282499', '570780453', '571001868', '571006458', '571167396', '571193544', '571528278', '571676353', '571839056', '571981007', '572179698', '572308232', '572406856', '572406889', '572529563', '572712844', '572712875', '572817655', '572817679', '573086726', '573095473', '573576147', '573588018', '573930751', '574367776', '574367882', '575013140', '575013333', '575709335', '576335852', '576604335', '576674065', '576913052', '577009695', '577009743', '577142546', '577237469', '577331733', '577419760', '577513992', '577614987', '578055303', '578072399', '579127627', '579265265', '579944787', '580433037', '580437913', '580715742', '580984824', '580992003', '580993409', '581077059', '581081277', '581089516', '581177039', '581181440', '581327545', '581331427', '581520560', '581652675', '581655967', '581874221', '581924796', '582116879']",[]
1010828991,104,0,0.0,"['701689162', '390239998', '390240041', '390340668', '390377370', '390444592', '390449462', '390524864', '390532649', '390601662', '390608614', '390676101', '390686009', '390740596', '390744998', '390827256', '390834727', '390896931', '390906589', '390969478', '390980003', '391048918', '391057835', '391138491', '391144974', '391266832', '391273382', '391336065', '391341483', '391405083', '391414176', '391480047', '391487462', '391553806', '391560953', '391632215', '391641173', '391668150', '391674218', '391777600', '391791969', '392112205', '392119226', '392284960', '392294072', '392310799', '392371770', '392447631', '392455917', '392529397', '392538381', '392606140', '392613011', '392670942', '392681387', '392706691', '392739280', '392788663', '392791577', '392862090', '392867540', '392960404', '392968219', '393036154', '393046004', '393223261', '393235695', '393312145', '393326435', '393351557', '393354414', '393442312', '393446204', '393523981', '393621495', '393628819', '393687781', '393695013', '393766212', '393775014', '393821458', '393834199', '393894324', '393903563', '393960871', '393970087', '394042279', '394049317', '394080234', '394086622', '394157540', '394164109', '394237789', '394242391', '394303080', '394307931', '394370033', '394377019', '394450531', '394459104', '394527651', '394533481', '394599689', '394604689']",[]
1019593678,102,0,0.0,"['539426040', '522847464', '522847574', '522847684', '522847754', '522848027', '522944289', '523135661', '523388668', '523428472', '523535076', '523709932', '523716224', '524097585', '524429802', '524435835', '524436084', '524441874', '524445467', '524447422', '524449442', '524451884', '524459126', '524459724', '524460419', '524908212', '524909533', '524909935', '524910078', '524910635', '524911742', '526742054', '527001020', '527003294', '527548675', '527550151', '527792202', '527795213', '528135625', '528137802', '528374250', '528413533', '528625489', '528740244', '528766607', '528799612', '528841720', '528842452', '529097514', '529304144', '529337857', '529574613', '529601156', '529601586', '529868545', '529872672', '529890597', '530230812', '530232454', '530277700', '530278849', '530439423', '530456687', '530693750', '530727421', '531630721', '531632466', '531634797', '531637781', '531839490', '531986235', '531988298', '532094458', '532157002', '532159873', '532172458', '532173058', '532375894', '532377166', '532554532', '532884331', '532911214', '533094837', '533127114', '533136559', '533415596', '533430967', '533541704', '533694397', '533697424', '533699841', '533738002', '533771376', '533772983', '533950283', '533950754', '533951221', '534124354', '534124828', '534124966', '534157743', '534159166']",[]
1022899262,133,0,0.0,"['558807718', '558808150', '558808557', '558808745', '558808970', '558938875', '558939055', '558939451', '558939664', '561388969', '561398606', '561408603', '561411009', '561411102', '561418328', '561421972', '561422404', '561422875', '561423352', '561423510', '561423895', '561568856', '561635590', '561638621', '561804722', '561821035', '561830255', '562045010', '562062248', '562064432', '562431233', '562431279', '562431372', '562534799', '562572534', '562574734', '562661426', '562703376', '562714754', '562716108', '562835840', '562924980', '562926557', '563127062', '563314088', '563458281', '563568899', '563602723', '563724489', '563974153', '563995851', '564126835', '564138580', '564139578', '564140723', '564306310', '564319832', '564465115', '564470210', '564910272', '564910131', '564927155', '564943629', '565119575', '565152327', '565297270', '565316291', '565336830', '565353605', '565437847', '565529073', '565606136', '565685396', '565882632', '565903623', '566257776', '566305458', '566607510', '566720683', '566903592', '567427165', '567972034', '567972488', '568504049', '568541696', '569671829', '569686615', '570193167', '570247287', '570325231', '570783960', '571000291', '571002622', '571016960', '571022949', '571182399', '571222153', '571335168', '571345965', '571526167', '571537313', '571639622', '571691451', '571826508', '571826577', '571969358', '571991078', '571999069', '572182982', '572196770', '572216074', '572303766', '572318631', '572318639', '572318642', '572318652', '572533991', '572533998', '572534005', '572534030', '572534053', '572705621', '573161971', '573162001', '573162037', '573162067', '573162121', '573162197', '573162295', '573162364', '573162406', '573162442', '573167415']",[]
1017327786,108,0,0.0,"['509261456', '509418276', '509453346', '509525541', '509598879', '509601332', '509701634', '509738980', '509923442', '509939640', '510022212', '510102545', '510107819', '510251342', '510263626', '510377962', '510417172', '510525620', '510530570', '510721266', '510721658', '510862450', '510870990', '510872725', '510961060', '511049923', '511160646', '511164172', '511304411', '511305692', '511408324', '511409108', '511517273', '511557531', '511732693', '511768841', '511768869', '511827221', '511851423', '511938485', '511969734', '512055166', '512136048', '512154671', '512340409', '512367161', '512402657', '512522896', '512565743', '512624621', '512655395', '512747783', '512758639', '513034092', '513125579', '513141622', '513301912', '512853252', '513431709', '513475921', '513531226', '513534653', '513681991', '513742667', '513820796', '513872615', '513924051', '514001359', '514055756', '514075000', '514078298', '514135730', '514214589', '514247215', '514274791', '514304639', '514304645', '514386033', '514474432', '514560864', '514610133', '514644832', '514667175', '514771899', '514827086', '514876746', '514933097', '514992898', '515086015', '515110920', '515267859', '515326714', '515398749', '515447516', '515512385', '515533991', '515573145', '515693127', '515814727', '515822132', '515949815', '515973857', '516134388', '516209678', '516220245', '516274592', '516297771', '516313308']",[]
1009480992,106,0,0.0,"['385931448', '397181195', '515801878', '370385841', '370450070', '370537628', '370620727', '370715048', '370844313', '371720392', '371922654', '372022266', '372084569', '372234866', '372275116', '372326268', '372367660', '372417114', '372456341', '372501966', '372556204', '372608629', '372665513', '372697085', '372748084', '372812733', '372846358', '372900787', '372935150', '373001864', '373032252', '373097430', '373130482', '373189622', '373219170', '373295827', '373326071', '373400215', '373441190', '373489084', '373519652', '373594892', '373624966', '373691482', '373727525', '373770658', '373823555', '373945816', '374046244', '374496565', '374526199', '374612370', '374645572', '374710419', '374743291', '374813905', '374852291', '374908377', '374956002', '374991792', '374991933', '375145248', '375175539', '375267371', '375269572', '375305655', '375306023', '375428671', '375429971', '375541792', '375548281', '375645949', '375661576', '375745210', '375755270', '375854713', '375883101', '375939550', '375964266', '376077731', '376100067', '376347611', '376348526', '376433978', '376439420', '376540266', '376544601', '376678619', '376683433', '376812701', '376925630', '376951040', '377045029', '377069499', '377162133', '377162964', '377277455', '377278220', '377399098', '377403251', '377527238', '377527640', '377675621', '377680197', '377803922', '377805210']",[]
1010468795,88,0,0.0,"['386323472', '397694131', '466087297', '386305455', '386321036', '386347442', '386395562', '386435801', '386489842', '386538432', '386592663', '386627778', '386659470', '386676302', '386703070', '386755170', '386787554', '386835199', '386871804', '386918525', '386962119', '386995886', '387027181', '387070282', '387103531', '387146903', '387178359', '387212325', '387212699', '387231556', '387269124', '387309537', '387347642', '387393006', '387425892', '387466871', '387496697', '387541901', '387578867', '387621620', '387653374', '387699048', '387735041', '387767886', '387804580', '387844578', '387878933', '387925684', '387986838', '388036762', '388072007', '388109839', '388144750', '388188501', '388218169', '388263914', '388297238', '388337503', '388374940', '388419992', '388458857', '388494999', '388570450', '388603166', '388639167', '388673581', '388713516', '388751269', '388794299', '388825239', '388865319', '388900889', '388941748', '388984366', '389020057', '389059680', '389092859', '389122780', '389161256', '389206853', '389238938', '389261841', '389315304', '389341835', '389391055', '389433729', '389469277', '389507331']",[]
1014257486,29,0,0.0,"['452825033', '452852595', '452852633', '452852700', '452852732', '452852777', '452852826', '452852880', '452852924', '452852949', '452912774', '452912825', '452912843', '452912905', '452912924', '452912947', '452919040', '452919062', '452919103', '452919141', '452919173', '452919232', '452919294', '452919329', '452919365', '452919422', '452919459', '452919508', '452919564']",[]
1012362153,119,0,0.0,"['428367229', '417637182', '417676881', '417731080', '417843177', '417884613', '418071094', '418189951', '418246779', '418372534', '418468659', '418443656', '418592243', '418671480', '418728537', '418733339', '418853604', '418857940', '418974948', '419031119', '419157367', '419169283', '419271638', '419263637', '419393613', '419391091', '419524301', '419549245', '419662906', '419684833', '419834389', '419835583', '419953935', '419972177', '420067973', '420084156', '420165063', '420178200', '420218234', '420226523', '420306102', '420313620', '420476155', '420490468', '420557307', '420558913', '420649221', '420649873', '420834589', '420835414', '420955155', '420955210', '420955265', '421039031', '421040036', '421041372', '421124466', '421142699', '421145016', '421148726', '421190176', '421297097', '421300077', '421468098', '421453566', '421464449', '421617103', '421644073', '421930936', '421936410', '422027914', '422032839', '422034050', '422138432', '422180955', '422215683', '422273237', '422281270', '422402526', '422408988', '422549983', '422568471', '422647645', '422657565', '422775120', '422777658', '422876353', '422888742', '422897959', '422983863', '423000263', '423007342', '423117175', '423124563', '423293808', '423337243', '423417182', '423463137', '423533628', '423565355', '423572020', '423574695', '423704390', '423740974', '423747418', '423831663', '423848392', '423861388', '423958625', '423966935', '424006467', '424091184', '424113779', '424149971', '424193974', '424218856', '424237299', '424277477', '424282196']",[]
1009942824,114,0,0.0,"['464951771', '377064167', '377102309', '377102357', '377204565', '377204665', '377319525', '377319563', '377461984', '377462103', '377559413', '377559485', '377707743', '377803852', '377803907', '377929920', '377977310', '378057017', '378109659', '378176431', '378237455', '378237519', '378289581', '378410805', '378490676', '378567076', '378567112', '378697146', '378743547', '378827619', '378827664', '378879437', '378986957', '379038607', '379110312', '379110363', '379191240', '379191303', '379303065', '379303110', '379462206', '379462265', '379595590', '379595735', '379683896', '379763344', '379763433', '379916814', '380005364', '380005404', '380193977', '380194055', '380375192', '380375244', '380512847', '380512894', '380673398', '380673439', '380796622', '380796674', '380944463', '380944495', '381041673', '381041729', '381041764', '381079111', '381232836', '381373937', '381373999', '381506646', '381506708', '381506769', '381822637', '381822729', '381822792', '381986718', '382102203', '382102264', '382102323', '382345062', '382345118', '382345158', '382345198', '382674444', '382787820', '382909647', '382909704', '383042647', '383102737', '383102795', '383102865', '383287266', '383342788', '383342851', '383473677', '383473721', '383473790', '383600980', '383601051', '383807282', '383807364', '383863573', '383863656', '384012313', '384012343', '384012372', '384129017', '384129096', '384129140', '384238781', '384238805', '384392568', '384493505', '384537883']",[]
1009397018,160,0,0.0,"['370492960', '394329496', '512303085', '369576721', '369656906', '369746888', '369888419', '369968221', '370064759', '370185703', '370214909', '370307508', '370388416', '370469719', '370520631', '370551694', '370602252', '370643379', '370699786', '370728431', '370830123', '370858974', '371703579', '371720642', '371899916', '371941607', '372002636', '372033286', '372212717', '372247644', '372280831', '372337032', '372387781', '372422305', '372474559', '372516712', '372581200', '372612881', '372679970', '372681559', '372682907', '372683733', '372684984', '372944453', '373056938', '373137683', '373237966', '373283530', '373284198', '373386686', '373442415', '373482315', '373542482', '373582603', '373621779', '373684507', '373710322', '373746831', '373787698', '373844082', '373890507', '374059617', '374482756', '374536320', '374596512', '374646720', '374696011', '374719520', '374755838', '374787142', '374801300', '374893150', '374960553', '375013771', '375043761', '375078307', '375116539', '375180153', '375221960', '375285992', '375327676', '375376747', '375437562', '375502805', '375537884', '375539018', '375641455', '375641911', '375743788', '375744228', '375846065', '375846748', '375956454', '375956839', '376068753', '376070621', '376345972', '376349871', '376446536', '376447053', '376552948', '376553323', '376685885', '376686350', '376799627', '376803673', '376935159', '376937702', '377060259', '377060785', '377172537', '377173459', '377274424', '377275234', '377390939', '377391300', '377524183', '377525302', '377661270', '377662009', '377774545', '377775511', '377891820', '377892655', '378028137', '378030474', '378156968', '378157728', '378264291', '378264875', '378400042', '378400819', '378532198', '378532962', '378537485', '378665912', '378667924', '378797578', '378798019', '378928805', '378929615', '379039719', '379040367', '379160699', '379161156', '379279574', '379280196', '379399470', '379400022', '379522845', '379523726', '379643453', '379645713', '379647818', '379653546', '379655720', '379657783', '380103135', '380104322', '380118649']",[]
1015499829,89,0,0.0,"['495419657', '511701830', '511993165', '565630867', '580350126', '628721716', '637220058', '487065230', '487270795', '487497529', '487979033', '488185208', '488443905', '488542841', '488594186', '488635250', '488668837', '488713694', '489016930', '489318939', '489421362', '489511622', '489604305', '489701148', '489753852', '489836488', '489932530', '490016483', '490058715', '490111219', '490156973', '490231609', '490284964', '490340128', '490469488', '490683162', '490760874', '490799759', '490905310', '491023302', '491149462', '491320255', '491386499', '491447766', '491489475', '491559355', '491628238', '491722636', '491809788', '491881535', '491972761', '492060104', '492216666', '492291091', '492322044', '492381804', '492426882', '492463687', '492508040', '492579979', '492715448', '492873250', '493012576', '493172690', '493289921', '493421135', '493507756', '493593816', '493711104', '493846283', '493893044', '493925189', '493976659', '494050240', '494146681', '494362824', '494459339', '494618762', '494740361', '494915169', '495018133', '495119689', '495184612', '495419103', '495489250', '495648293', '495869380', '495960171', '496016199']",[]
3447263,40,0,0.0,"['400073912', '81733086', '81733089', '81733090', '81733093', '81733094', '81733097', '81733100', '81733101', '81733102', '81733103', '81733104', '81733105', '81733106', '81733107', '81733108', '81733109', '81733111', '81733112', '81733113', '81733114', '81733115', '81733116', '81733117', '81733118', '81733119', '81733120', '81733121', '81915057', '81915059', '81915060', '81952017', '81952018', '81952019', '81991283', '81991285', '81991286', '82027277', '82027278', '82028369']",[]
1013562540,107,0,0.0,"['447190788', '447207327', '447308855', '447309300', '447413606', '459886236', '459886299', '459886345', '460163886', '460163921', '460163949', '460163976', '460163998', '460164009', '460164063', '460164108', '460309959', '460760259', '460760343', '460760587', '460760745', '460760833', '460760908', '460760994', '460761124', '460761217', '460917174', '460917522', '460917581', '460917640', '461314296', '461314378', '461314461', '461314570', '461393703', '461393738', '461394037', '461516328', '461516398', '461516447', '461674081', '461674204', '461698665', '461844258', '461844410', '461844526', '461880169', '461945182', '461997491', '462077209', '462288447', '462520117', '462520507', '462553424', '462585558', '463108658', '463108691', '463194666', '463283149', '463283192', '463360500', '463374645', '463464484', '463473314', '463639882', '463640037', '463640104', '463640137', '463962798', '463963246', '463964498', '463964725', '463964861', '463965075', '463965320', '464389344', '464389350', '464389355', '464459600', '464582546', '464631742', '464906301', '464919127', '464924291', '465040787', '465147460', '465154676', '465291521', '465494757', '465521178', '465523455', '465647163', '466094246', '466106974', '466107725', '466167768', '466170635', '466261285', '466275013', '466479239', '466506024', '466533287', '466610640', '466842830', '466978364', '467066159', '468477497']",[]
1015057768,113,0,0.0,"['460059266', '460059369', '460172664', '460173242', '460174086', '460325781', '460326246', '460326877', '460510657', '460512069', '460573769', '460679246', '460679714', '460803709', '460804019', '460932111', '460932440', '461190239', '461190985', '461226636', '461227132', '461370300', '461370742', '461538626', '461539660', '461674162', '461674680', '461833508', '461834439', '461842686', '461952345', '461952835', '462053666', '462090849', '462091422', '462302394', '462316398', '462457201', '462457916', '462604057', '462605080', '462754206', '462754507', '462885629', '462886301', '462998734', '463000165', '463177612', '463212096', '463212556', '463308644', '463309161', '463448758', '463449461', '463534571', '463534956', '463694508', '463694714', '463718529', '463718954', '463808956', '463809347', '463938743', '463940412', '464323250', '464323992', '464570416', '464574146', '464802323', '464878498', '465154590', '465154960', '465204415', '465285841', '465318022', '465318360', '465536553', '465536843', '465613720', '465616929', '465843100', '465851129', '465946986', '465964148', '466064718', '466082678', '466169967', '466173660', '466260528', '466263589', '466462544', '466483648', '466613745', '466792567', '466953797', '466956917', '467306820', '467338998', '467446352', '467462693', '467580105', '467585931', '467674114', '467674432', '467798507', '467798941', '467962711', '467974378', '468092198', '468093136', '468165478', '468418068', '468451323']",[]
1019664125,98,0,0.0,"['523355436', '523358024', '523510326', '523589080', '523718504', '523786982', '524082789', '524205399', '524218611', '524224751', '524532059', '524609790', '524725893', '524902987', '524973586', '525046705', '525134792', '525170790', '525303035', '525335865', '525588808', '525593415', '525694686', '525849006', '525943194', '526123139', '526154782', '526156673', '526168204', '526475626', '526537601', '526596493', '526678012', '526750861', '526906554', '527014095', '527107572', '527304782', '527511792', '527572392', '527768166', '528032310', '528149890', '528303858', '528374176', '528553934', '528617247', '528734030', '528784535', '528806608', '529015129', '529224650', '529300761', '529441161', '529525043', '529603099', '529772329', '529904681', '530038272', '530114632', '530237465', '530289087', '530395038', '530414232', '530682742', '530841769', '531191325', '531478525', '531609114', '531678618', '531825179', '531929440', '531973026', '532028706', '532122633', '532182712', '532311177', '532386718', '532504251', '532596324', '532596351', '532949764', '533079134', '533143520', '533344339', '533433105', '533526530', '533587032', '533723152', '533801998', '533897327', '533952990', '534101043', '534162891', '534293306', '534459163', '534702709', '534705136']",[]
1014988608,113,0,0.0,"['458971978', '458972535', '459973258', '457708191', '457732050', '457780266', '457807877', '457818114', '457872377', '457899744', '457989928', '458007052', '458063269', '458115248', '458138677', '458168026', '458379068', '458444194', '458464540', '458505064', '458596586', '458636404', '458710292', '458732037', '458755809', '458801186', '458868397', '458914122', '459003381', '459069218', '459147906', '459187102', '459392833', '459430648', '459542289', '459603656', '459693947', '459715098', '459852881', '459891441', '459925849', '459962353', '459973546', '459997974', '460071615', '460132628', '460158657', '460232067', '460373135', '460437406', '460475620', '460609388', '460668514', '460719380', '460793693', '460857052', '460909637', '461055991', '461146761', '461254337', '461290276', '461384224', '461393093', '461413506', '461547776', '461610101', '461735984', '461779285', '461846044', '461893581', '461917844', '461968134', '461999323', '462051526', '462060561', '462094286', '462190696', '462211870', '462233588', '462292252', '462357494', '462474298', '462519709', '462606594', '462650909', '462780136', '462843701', '462872511', '462927094', '462984373', '463180202', '463232534', '463283890', '463339489', '463376696', '463450865', '463502421', '463543514', '463612141', '463671003', '463687532', '463743370', '463800289', '463849008', '463907577', '463988438', '464137016', '464320961', '464379633', '464540628', '464632954', '464779303', '464829756']",[]
1010815544,120,0,0.0,"['390313533', '391691730', '400461120', '389768285', '389790310', '389865615', '389915301', '389943432', '389980694', '390023248', '390063719', '390099435', '390145418', '390175072', '390217391', '390242634', '390331813', '390369968', '390399607', '390459466', '390479999', '390559122', '390607581', '390633554', '390680879', '390707605', '390747863', '390765651', '390822040', '390845182', '390897468', '390919542', '390975398', '390994368', '391048215', '391065699', '391129107', '391142956', '391262345', '391284748', '391327862', '391349986', '391403868', '391425556', '391479772', '391499617', '391524249', '391557566', '391575205', '391615524', '391637900', '391658452', '391711640', '391777743', '391794060', '391804574', '392107811', '392133175', '392288860', '392309763', '392363406', '392395297', '392451959', '392496447', '392525928', '392553483', '392590567', '392613569', '392666115', '392684953', '392734824', '392750968', '392799670', '392825347', '392877155', '392906726', '392954486', '392971729', '393027843', '393046425', '393218208', '393247992', '393306164', '393336909', '393384149', '393402227', '393467859', '393500554', '393532815', '393566317', '393580146', '393604608', '393641935', '393672638', '393712038', '393744114', '393773395', '393816510', '393853946', '393889015', '393913144', '393951494', '393982478', '394030367', '394032807', '394034574', '394142650', '394143120', '394143354', '394249959', '394288871', '394323797', '394353414', '394400506', '394430470', '394469746', '394503200', '394503249', '394579328', '394579802']",[]
1010766670,111,0,0.0,"['389038803', '391748319', '399120496', '427057619', '435669774', '468948993', '477650248', '722283443', '388929558', '388929822', '389011546', '389013193', '389082771', '389083163', '389140262', '389140465', '389210217', '389212253', '389291842', '389295926', '389380601', '389380613', '389438549', '389497406', '389518704', '389531950', '389589464', '389590800', '389590899', '389613226', '389757873', '389779668', '389837845', '389907406', '389918204', '389942577', '390007914', '390062830', '390097873', '390097965', '390159675', '390172045', '390241750', '390242658', '390321922', '390327014', '390336653', '390382503', '390439893', '390457119', '390555227', '390556558', '390611889', '390671325', '390688297', '390741547', '390757081', '390774946', '390850509', '390853310', '390899197', '390931157', '390959748', '390998191', '391041208', '391074043', '391074766', '391140764', '391258431', '391270687', '391289860', '391323550', '391358076', '391430708', '391453779', '391467135', '391513427', '391544515', '391620385', '391651777', '391722671', '391800595', '392100016', '392129940', '392280646', '392311857', '392356094', '392392281', '392443898', '392469291', '392522776', '392593441', '392617891', '392665473', '392689117', '392739310', '392799875', '392830765', '392860008', '392910752', '392955756', '392982058', '393033975', '393056651', '393217442', '393246690', '393304178', '393341016', '393382791', '393413836', '478256329']",[]
1012284323,101,0,0.0,"['415489765', '415490966', '415557557', '415557574', '415648205', '415648383', '415750236', '415910666', '415959157', '416007560', '416019133', '416121853', '416202899', '416258043', '416323328', '416358513', '416440941', '416468442', '416525719', '416563304', '416618737', '416641351', '416716596', '416748121', '416803046', '416835881', '416934746', '416965238', '417045333', '417074346', '417139785', '417177304', '417244006', '417277817', '417349014', '417377922', '417446982', '417478287', '417548158', '417583617', '417657908', '417686828', '417762392', '417795143', '417872207', '417902890', '417999938', '418061742', '418209735', '418272139', '418336246', '418371493', '418431501', '418467106', '418623655', '418669256', '418740721', '418774654', '418867798', '418909181', '418981509', '419027371', '419154087', '419201032', '419266723', '419278234', '419328331', '419404054', '419505811', '419538733', '419617981', '419678785', '419805450', '419845240', '419930721', '419969951', '420040321', '420082829', '420139806', '420179039', '420243172', '420275978', '420359727', '420394126', '420476826', '420512230', '420586273', '420624269', '420679363', '420773607', '420850818', '420875024', '420972710', '420972987', '421071029', '421071185', '421139091', '421139196', '421302360', '421302615', '421302804']",[]
1010706133,104,0,0.0,"['489409098', '388332610', '388332628', '388336312', '388336319', '388344817', '388344840', '388467767', '388467819', '388544328', '388605821', '388687290', '388755055', '388838093', '388918484', '388960413', '389057572', '389128230', '389187015', '389255078', '389349061', '389414800', '389490846', '389498263', '389562376', '389562451', '389635054', '389635320', '389723130', '389723262', '389723366', '389815015', '389815250', '389815837', '389816498', '389887749', '389887855', '389887943', '389963235', '389963365', '389963514', '390043254', '390043452', '390124734', '390124947', '390192494', '390192603', '390264014', '390264084', '390371916', '390372312', '390442028', '390442115', '390500084', '390500188', '390584585', '390584931', '390683601', '390683955', '390684546', '390760306', '390760548', '390760823', '390833190', '390833436', '390833585', '390921093', '390921173', '390921312', '390994985', '390995048', '390995124', '391070778', '391070839', '391071024', '391155038', '391155127', '391155326', '391252518', '391252640', '391252749', '391344783', '391344984', '391345221', '391408495', '391408856', '391410166', '391492129', '391492320', '391492521', '391573873', '391573997', '391574116', '391646958', '391647016', '391647203', '391706288', '391706725', '391706906', '391794720', '391794790', '391794894', '392123852', '392123926']",[]
1028554266,96,0,0.0,"['680544964', '668489059', '668491586', '668667987', '668747043', '668814219', '668961181', '669020047', '669020060', '669158658', '669280714', '669356894', '669360208', '669380396', '669527106', '669704051', '669715699', '670108060', '670188059', '670220545', '670262455', '670329593', '670580549', '670623603', '670683680', '670747403', '670808861', '670931166', '671136454', '671146907', '671164547', '671324037', '671386678', '671428943', '671570429', '671613762', '671722541', '671826472', '671877341', '671902393', '671990775', '672005720', '672063813', '672443622', '672505864', '672730997', '672799988', '672896098', '672902847', '672984620', '673082470', '673100517', '673154370', '673241488', '673525999', '673622334', '673747000', '673794690', '673828497', '673886599', '674021662', '674193952', '674311932', '674388300', '674540065', '674643128', '674740204', '674775115', '674928503', '674986937', '675124287', '675220483', '675249443', '675301973', '675346150', '675416166', '675430765', '675446530', '675488194', '675578518', '675596918', '675610937', '675756017', '675756918', '675907180', '675914805', '675945066', '676016838', '676083100', '676244250', '676255584', '676255589', '676255596', '676406105', '676406121', '676643129']",[]
1013048595,107,0,0.0,"['434059090', '447291225', '426243628', '426294458', '426371187', '426371210', '426371253', '426371292', '426371323', '426371343', '426371358', '426371381', '426371400', '426371425', '426371439', '426920469', '426989593', '426990190', '426990892', '426991252', '426991520', '426991876', '426992319', '427276124', '427276300', '427276610', '427532865', '427533975', '427612024', '427612091', '427612192', '427612293', '427612506', '427693985', '427694264', '427695164', '427976427', '427976436', '427976437', '428090792', '428090804', '428090818', '428090829', '428090836', '428400000', '428434892', '428472711', '428630896', '428694388', '428708892', '428787735', '428814748', '428865077', '428865951', '428962423', '428996812', '429052172', '429090766', '429126456', '429126470', '429254182', '429310411', '429353839', '429353852', '429484084', '429488167', '429581023', '429581044', '429714601', '429724147', '429762512', '429767065', '429933405', '429933489', '430035510', '430046341', '430106646', '430106653', '430259120', '430259174', '430456287', '430456953', '430565592', '430574505', '430701804', '430701837', '430801312', '430801326', '431094349', '431094541', '431329221', '431329241', '431329305', '431553904', '431745148', '431762624', '431869328', '431869383', '431960927', '431980053', '432129298', '432143832', '432251486', '432257071', '432281128', '432303244', '432358810']",[]
1010540647,124,0,0.0,"['389579516', '405410724', '387081120', '387081289', '387133841', '387133845', '387133851', '387133884', '387169440', '387169517', '387169570', '387169632', '387249009', '387249047', '387249109', '387249158', '387249535', '387249579', '387249657', '387249727', '387274612', '387274715', '387380083', '387380091', '387380093', '387380098', '387380108', '387380111', '387533496', '387533512', '387533913', '387549561', '387614331', '387615160', '387616181', '387616930', '387707308', '387707341', '387708520', '387709684', '387788809', '387801171', '387802467', '387808683', '387845536', '387846245', '387847070', '387848417', '387860828', '387927551', '387930071', '387984861', '387986594', '387990769', '388055216', '388056582', '388057739', '388059014', '388078138', '388137801', '388139242', '388140603', '388143501', '388145678', '388224363', '388225716', '388293146', '388294590', '388348203', '388349276', '388349868', '388350690', '388355806', '388356503', '388470355', '388472383', '388474447', '388547789', '388551246', '388552707', '388618452', '388620135', '388624613', '388625329', '388625940', '388694737', '388696126', '388696647', '388774482', '388775231', '388775820', '388776580', '388855184', '388901417', '388904079', '388909456', '388986627', '388988504', '388996041', '388998101', '389047143', '389050178', '389052194', '389053967', '389138636', '389140558', '389143010', '389144487', '389193677', '389195066', '389198055', '389199602', '389247215', '389248218', '389249446', '389251038', '389372171', '389373667', '389375526', '389376275', '389454605', '389454897', '389455165', '389455360']",[]
1010463703,131,0,0.0,"['384383724', '384383825', '384383983', '384384064', '384495527', '384498386', '384582764', '384586850', '384680247', '384683661', '384776990', '384777094', '384848867', '384858849', '384923917', '384928045', '384994774', '385010657', '385075855', '385098755', '385168333', '385172226', '385252308', '385263377', '385351246', '385356066', '385445142', '385447712', '385523739', '385529958', '385622805', '385626290', '385700118', '385705405', '385790002', '385791749', '385864473', '385872764', '385978402', '385994255', '386061696', '386073334', '386150318', '386163028', '386238259', '386253355', '386325648', '386341534', '386416108', '386437225', '386516180', '386546083', '386606076', '386623850', '386690948', '386703110', '386770580', '386791177', '386855134', '386884881', '386935359', '386963503', '387012421', '387035712', '387084028', '387114642', '387164254', '387181881', '387248004', '387276846', '387330630', '387353219', '387409574', '387432250', '387482170', '387506849', '387560087', '387581469', '387637472', '387662708', '387714840', '387736162', '387786415', '387808189', '387864667', '387887309', '387972894', '388002281', '388052812', '388076959', '388123166', '388147358', '388203934', '388231008', '388282323', '388304780', '388354559', '388376508', '388433816', '388464252', '388512562', '388536323', '388584158', '388606317', '388651019', '388675532', '388729366', '388755092', '388808894', '388808953', '388809207', '388829366', '388877992', '388905559', '388960633', '388982308', '389036959', '389059037', '389104514', '389129170', '389178348', '389199444', '389253989', '389277520', '389335392', '389356886', '389404952', '389430631', '389484513', '389486820', '389507134']",[]
1011058239,59,0,0.0,"['405399303', '418655797', '395449198', '395450219', '395450245', '395450261', '395450289', '395450308', '395523182', '395589152', '395633373', '395649759', '395712619', '395739603', '395788289', '395820742', '395863775', '396144432', '396185500', '396185513', '396185537', '396185565', '396185589', '396185605', '396185639', '396185667', '396586455', '396621891', '396666045', '396703733', '396752108', '396811100', '396861021', '396894980', '396943910', '396975077', '397024977', '397060202', '397109712', '397146530', '397191911', '397231924', '397280077', '397330376', '397376904', '397420017', '397470950', '397511784', '397568847', '397604042', '397660649', '397680576', '397751783', '397788419', '397828755', '397856787', '397912843', '397923543', '399823130']",[]
1019067622,113,0,0.0,"['519880853', '519883030', '519941235', '520043080', '520130725', '520276028', '520350374', '520436576', '520481858', '520537401', '520657684', '520790655', '520869327', '520950445', '521001111', '521106692', '521148900', '521252940', '521363253', '521432916', '521511618', '521624528', '521714627', '521834738', '521927148', '522007297', '522015753', '522080201', '522191729', '522236571', '522315178', '522352064', '522470463', '522568669', '522662015', '522747426', '522856991', '522961422', '523232562', '523265170', '523330188', '523361283', '523408545', '523495910', '523528453', '523569280', '523633532', '523746822', '523872639', '524110016', '524326447', '524442153', '524572885', '524671972', '524800503', '524911754', '525016574', '525086709', '525165955', '525207034', '525254699', '525318955', '525399129', '525529780', '525621722', '525782089', '525874660', '525937664', '526066774', '526157419', '526356003', '526414708', '526477089', '526562000', '526627019', '526705640', '526740040', '526944551', '527008759', '527249474', '527541403', '527571847', '527800722', '527856821', '528116581', '528280305', '528381903', '528453055', '528535258', '528642231', '528723062', '528740689', '528811302', '528906084', '529055003', '529192469', '529322813', '529437587', '529563572', '529688219', '529800486', '530055516', '530060003', '530236262', '530237513', '530420343', '530445507', '530700672', '530759200', '531263914', '531275545', '531534399', '531602749']",[]
1011449273,129,0,0.0,"['486668580', '399850047', '399905253', '399924798', '399926157', '400026327', '400027501', '400121654', '400122060', '400204437', '400205567', '400314285', '400314895', '400404327', '400404902', '400490718', '400491324', '400491807', '400574057', '400574811', '400650942', '400651517', '400741219', '400741746', '400830436', '400830503', '400915852', '400916159', '400999702', '401000198', '401102113', '401102573', '401174203', '401174698', '401174904', '401278116', '401278163', '401383346', '401383369', '401383502', '401474967', '401475009', '401562591', '401562639', '401659389', '401660826', '401747690', '401747836', '401839249', '401839824', '401918707', '401918756', '402009092', '402009205', '402097258', '402097335', '402181513', '402181555', '402270920', '402271264', '402362451', '402363041', '402453638', '402453708', '402539867', '402540066', '402630756', '402631170', '402723292', '402724544', '402812098', '402812124', '402893043', '402893095', '402978586', '402978607', '403054280', '403054301', '403143918', '403144986', '403237361', '403237369', '403324424', '403325153', '403400694', '403400707', '403497463', '403497475', '403582467', '403583006', '403670050', '403670221', '403756241', '403756599', '403852641', '403852667', '403942488', '403942497', '404028924', '404029182', '404121482', '404121548', '404210434', '404210637', '404299700', '404302062', '404387454', '404388895', '404483546', '404483643', '404570971', '404571204', '404662707', '404662906', '404740663', '404741040', '404876856', '404877035', '404965824', '404966120', '405054189', '405056117', '405144442', '405144552', '405225504', '405229237', '405315094', '405315786', '405404013']",[]
1026562582,109,0,0.0,"['676616159', '637048847', '637058089', '637064503', '637077329', '637134526', '637232048', '637265029', '637523325', '637609323', '637659208', '637803346', '637896569', '637896746', '638100000', '638265450', '638307977', '638350625', '638391104', '638495592', '638614170', '638687756', '638766204', '638821776', '639231334', '639451158', '639488108', '639542328', '639625020', '639700472', '639742624', '639753496', '639877239', '639937138', '640005561', '640062020', '640133750', '640214534', '640282113', '640354218', '640459885', '640492628', '640617835', '640738479', '640797662', '640857411', '640901538', '640944440', '640954939', '641055115', '641129816', '641260485', '641352082', '641406788', '641492931', '641560479', '641662835', '641736605', '641736614', '641854257', '641910232', '641931562', '641964097', '642038112', '642064597', '642176424', '642244693', '642285121', '642333740', '642404701', '642425714', '642466283', '642539280', '642602430', '642763246', '642816088', '642880738', '642905194', '642970285', '643033618', '643066258', '643314299', '643333240', '643413366', '643439351', '643467919', '643491953', '643582825', '643626292', '643753984', '643814052', '643970670', '644039209', '644080638', '644221102', '644325080', '644346510', '644375241', '644509536', '644526534', '644571559', '644653235', '644683451', '644749220', '644944336', '645024876', '645178135', '645264075', '645404262']",[]
1011512936,110,0,0.0,"['404526803', '406967497', '411412411', '437843446', '400658967', '400659027', '400668406', '400668887', '400668964', '400669159', '400669619', '400669866', '400716172', '400798440', '400830516', '400882274', '400921761', '401170728', '401275483', '401301683', '401480071', '401515351', '401561542', '401572340', '401654464', '401743689', '401755067', '401792583', '401798633', '401841965', '401915919', '401930205', '402011300', '402024411', '402044276', '402155850', '402177794', '402195558', '402285593', '402302239', '402375822', '402407434', '402457753', '402501349', '402578474', '402586202', '402675299', '402685070', '402764387', '402780495', '402825246', '402826342', '402899606', '402938663', '402998550', '403007758', '403013418', '403105128', '403191020', '403196627', '403211645', '403287063', '403295183', '403342254', '403372849', '403414515', '403443968', '403502262', '403545268', '403601376', '403643106', '403692517', '403716024', '403828644', '403829238', '403906704', '403907128', '403961870', '404006719', '404061409', '404093071', '404147356', '404180622', '404273039', '404282755', '404371422', '404384420', '404459869', '404459932', '404504338', '404540260', '404558522', '404627710', '404672283', '404680201', '404846911', '404850811', '404888105', '404937714', '405029094', '405040073', '405102773', '405103102', '405125960', '405181007', '405211198', '405266372', '405294487', '405343810', '405355734']",[]
1015421270,85,0,0.0,"['467230964', '467507817', '467622275', '467736685', '467857085', '468063841', '468280136', '468600001', '468732748', '468857847', '468976014', '469101272', '469363415', '469713270', '469958653', '470134208', '470201973', '470332768', '470570875', '470682364', '470780466', '470798745', '470923797', '471014043', '471096275', '471194832', '471229066', '471335347', '471470425', '471600746', '471813381', '472252719', '472340234', '472498875', '472684184', '472725142', '472926777', '472949952', '473311625', '473752038', '473823896', '473891498', '473989301', '474447906', '474629732', '474928286', '475179539', '475390322', '475505982', '475612774', '475781889', '475916852', '476081962', '476270507', '476420945', '476515810', '476760936', '476899890', '476907565', '477118682', '477447692', '477916467', '478214431', '478322899', '478421676', '478786777', '479160938', '479590623', '479858384', '480083959', '480176524', '480259272', '480395247', '480576158', '480838235', '481563367', '482295191', '482448096', '482484665', '482622433', '482825927', '483007273', '483336020', '483432522', '483631862']",[]
1016754466,92,0,0.0,"['501689598', '501689611', '501690391', '501692763', '501718860', '501782059', '501906736', '501991065', '502024730', '502140887', '502155928', '502259039', '502314515', '502373498', '502397431', '502463593', '502485307', '502550758', '502572598', '502635162', '502793111', '502819443', '502967941', '503076503', '503275354', '503364056', '503458982', '503579533', '503806844', '503830698', '504018448', '504060776', '504078427', '504102746', '504191757', '504204937', '504324120', '504389974', '504414773', '504531077', '504683723', '504819922', '504849972', '504922944', '505014478', '505040974', '505275586', '505322878', '505472008', '505544714', '505788823', '505811109', '505932021', '506110630', '506160858', '506227847', '506247440', '506313147', '506338772', '506443830', '506469175', '506478489', '506586059', '506674630', '506694008', '506773154', '506827216', '507026046', '507106668', '507174755', '507197121', '507264107', '507300353', '507391266', '507405340', '507421637', '507520855', '507523005', '507562798', '507724190', '507767198', '507990120', '508051272', '508133132', '508181179', '508232652', '508350812', '508374450', '508381559', '508630423', '508757918', '508862644']",[]
1032858150,94,0,0.0,"['713186293', '713186300', '713186304', '713186314', '713186323', '713299338', '713299372', '714597013', '714597035', '714597078', '714597909', '714598543', '714598561', '714598586', '714598600', '719424072', '720610330', '720610336', '720610360', '720610370', '721463645', '722819762', '722900711', '722900715', '722920027', '722920113', '722920168', '722920204', '722920240', '723211869', '723211922', '723211952', '723211967', '723616537', '723616564', '723616647', '723616670', '723616708', '723781645', '723781653', '723781980', '723792809', '723921475', '723921541', '723921607', '723921657', '724075106', '724180768', '724180834', '724377054', '724447887', '724448104', '724448120', '724448472', '724577238', '724577249', '724895048', '724895059', '724895067', '724895072', '724895084', '724896747', '725320559', '725320589', '725320621', '725320870', '725729001', '725729009', '725729029', '725729046', '725869246', '725869253', '726042499', '726042504', '726042505', '726042513', '726042520', '726042696', '726043024', '726043027', '726043047', '726043158', '726084602', '726084604', '726408522', '726408575', '726409437', '726409742', '726410058', '726410428', '726427006', '726427040', '726427066', '727206078']",[]
1010868264,130,0,0.0,"['402733549', '402760766', '402761081', '402812591', '402845965', '402902546', '402929758', '402988840', '403013405', '403070096', '403103613', '403160224', '403185627', '403252174', '403279550', '403334540', '403361199', '403361480', '403409673', '403429896', '403504765', '403539255', '403593218', '403614964', '403684116', '403710035', '403766246', '403792521', '403866783', '403891098', '403955115', '403982169', '403993975', '404038150', '404070008', '404129868', '404161772', '404218609', '404242537', '404314896', '404336109', '404408602', '404429205', '404460740', '404527828', '404564624', '404564936', '404565147', '404674201', '404674342', '404751156', '404751204', '404878779', '404878835', '404981743', '404981849', '405054766', '405055100', '405120117', '405120433', '405219233', '405219374', '405219927', '405333004', '405362839', '405426581', '405453228', '405515924', '405540107', '405599645', '405628995', '405690496', '405717835', '405776833', '405797810', '405866364', '405886639', '405886822', '405955168', '405976997', '406048662', '406067327', '406133308', '406158585', '406214359', '406233304', '406307849', '406327852', '406403950', '406424519', '406488480', '406515063', '406527182', '406574252', '406601478', '406662756', '406690736', '406751530', '406772496', '406807540', '406807699', '406932471', '406954643', '407018810', '407039646', '407104225', '407120295', '407142448', '407192045', '407283955', '407316063', '407374381', '407406455', '407462138', '407487563', '407556018', '407556116', '409666671', '409666848', '409791254', '409791372', '409791459', '409884034', '409963286', '411354766', '413071333', '413218734', '413567310', '413840816', '414042881']",[]
1012237441,83,0,0.0,"['415445148', '414702342', '414743705', '414750474', '414803911', '414849584', '414918396', '414954244', '414954295', '415107010', '415195297', '415241715', '415309207', '415327423', '415351339', '415415044', '415452569', '415504458', '415541336', '415608576', '415665139', '415702655', '415717954', '415729544', '415871517', '415927362', '415960719', '415975747', '416019241', '416052357', '416107633', '416142958', '416167380', '416167426', '416267025', '416331555', '416364588', '416450372', '416467921', '416543221', '416566959', '416636568', '416688763', '416727400', '416755304', '416814680', '416834380', '416944238', '416969141', '417050997', '417116245', '417144814', '417215767', '417253922', '417313464', '417347965', '417413649', '417447258', '417474075', '417561168', '417617047', '417660669', '417722294', '417770053', '417826898', '417882351', '417923159', '418014714', '418055938', '418229685', '418304924', '418343213', '418402772', '418439284', '418579725', '418641806', '418702376', '418744315', '418815881', '418863652', '418955929', '418998766', '419009456']",[]
1016078337,153,0,0.0,"['483404250', '483407879', '485538442', '485542260', '486285804', '488308354', '488562307', '489050290', '489431052', '489620833', '489695302', '489836365', '490134864', '490253772', '490369784', '490736674', '490865319', '491540389', '491540608', '491755755', '491755986', '491864937', '492072008', '492102557', '492526009', '492619614', '492829632', '492916003', '493215392', '493215941', '493437474', '493544718', '493622792', '493830085', '493915166', '493999189', '494098027', '494318413', '494378890', '494540023', '494657907', '494829702', '494914538', '495045349', '495111231', '495331565', '495664050', '495623744', '496057572', '496288745', '496535576', '496576865', '496718002', '496816973', '496844016', '496893305', '496967391', '497109793', '497225677', '497300596', '497503591', '497610583', '497889619', '497965782', '498076203', '498236286', '498324549', '498389920', '498451031', '498493593', '498907606', '499034314', '499433862', '499646607', '500094091', '500104293', '500178278', '500498446', '500518118', '500586379', '500590308', '500713175', '500762335', '500911301', '500989790', '501126019', '501185974', '501341773', '501403356', '501525861', '501539815', '501629590', '501655491', '501715626', '501748214', '501759224', '501813931', '501952171', '502009203', '502085693', '502157652', '502238277', '502267211', '502357466', '502387380', '502447218', '502469050', '502546964', '502573244', '502777852', '502806104', '502947011', '503024265', '503233175', '503307703', '503451423', '503564018', '503795273', '503844461', '503948487', '503993379', '504029021', '504069727', '504151637', '504179886', '504253693', '504441013', '504496645', '504576516', '504734383', '504870944', '504908017', '505003898', '505027191', '505091795', '505140998', '505403918', '505468875', '505497927', '505860375', '506249478', '506286974', '506310893', '506372492', '506399873', '506413916', '506500381', '506544488', '506558847', '506619188', '506653874', '506666567', '506743091']",[]
1023422452,92,0,0.0,"['606902699', '607069117', '608627127', '608677867', '608679245', '608803120', '608908663', '610758473', '610851712', '611134142', '611226417', '611575862', '611676076', '611950606', '612005335', '612005670', '612194693', '612431952', '612434315', '613813454', '613813663', '614198050', '614198187', '614676666', '614676729', '615093158', '615093954', '616008603', '616009949', '616010934', '616307342', '616309120', '616852461', '616854031', '616854186', '617237794', '617237911', '617564782', '617565000', '617906268', '617906889', '618452718', '618453341', '618453991', '619186686', '619787295', '619790860', '621240967', '621241083', '621494212', '621494342', '621746603', '621746788', '621974330', '621975946', '622293034', '622293155', '622293683', '622402622', '622597464', '622597515', '622883013', '622883379', '623020861', '623021230', '623117192', '623117309', '623440421', '623440576', '623545176', '623545258', '623545472', '623648254', '624196178', '624196264', '624358570', '624358985', '625272948', '625273086', '625693380', '625693495', '625834174', '625834247', '625965749', '625965899', '625966052', '626069570', '626144338', '626286818', '626757027', '626757556', '626758307']",[]
1015183684,82,0,0.0,"['461682483', '461701901', '461820390', '461927003', '462061178', '462243168', '462265526', '462546995', '462674614', '462756470', '462835629', '462867112', '462955111', '462996913', '463177493', '463204764', '463271260', '463284853', '463388609', '463456291', '463515368', '463547732', '463603782', '463624608', '463696261', '463705670', '463786436', '463833721', '463889622', '463968213', '464286732', '464330095', '464402725', '464612318', '464700795', '464868247', '464974863', '465065064', '465207309', '465241095', '465274392', '465323238', '465434560', '465442697', '465553847', '465575906', '465688660', '465772739', '465871869', '465913075', '466028986', '466045943', '466114539', '466133553', '466209922', '466219341', '466314951', '466341631', '466371770', '466522965', '466670961', '466816560', '466866937', '466981407', '467027174', '467329414', '467359123', '467376434', '467462343', '467495091', '467504693', '467585941', '467603243', '467611865', '467688456', '467705658', '467832855', '467867488', '467992666', '468056623', '468214165', '511570923']",[]
1016583049,163,0,0.0,"['498237084', '498309864', '498446974', '498812951', '499349776', '500077779', '500254005', '500392229', '500448783', '500539890', '500633415', '500700145', '500759409', '500886954', '500982201', '501109409', '501178887', '501327390', '501404672', '501511765', '501579901', '501620077', '501674887', '501749925', '501810336', '501860392', '501943056', '502002692', '502059654', '502142970', '502214897', '502261158', '502319750', '502384597', '502437660', '502486353', '502506850', '502571310', '502767169', '502799588', '502920555', '503003264', '503204214', '503300798', '503403571', '503522973', '503713564', '503858971', '503942793', '503974135', '504002015', '504022686', '504067323', '504126730', '504184968', '504185177', '504245397', '504336189', '504422984', '504494120', '504558340', '504679396', '504834808', '504901681', '504936226', '505028548', '505031077', '505077093', '505139568', '505381238', '505466549', '505468537', '505639283', '505686837', '505849957', '505897877', '505979249', '506068348', '506178647', '506226998', '506254008', '506302895', '506339106', '506360138', '506405203', '506491943', '506543880', '506544084', '506613043', '506653688', '506736322', '506783505', '506851990', '506957537', '506994057', '507179906', '507212172', '507271393', '507304421', '507324804', '507368153', '507425990', '507471399', '507471521', '507527589', '507578537', '507652276', '507717571', '507813148', '507920017', '508088099', '508126918', '508157595', '508224664', '508238928', '508273929', '508320414', '508383223', '508452785', '508452913', '508543461', '508622196', '508743263', '508796556', '508868813', '508934213', '509023359', '509085716', '509117898', '509168676', '509182827', '509220195', '509283864', '509399965', '509441509', '509497446', '509548145', '509637451', '509694876', '509764774', '509889228', '509977033', '510014448', '510037237', '510037879', '510038483', '510039947', '510129597', '510131021', '510280810', '510281908', '510539674', '510541238', '510541844', '510846441', '510899154', '510960898', '511007243', '511038349', '511079344', '511150405', '511223291', '511305792']",[]
1023586297,88,0,0.0,"['568767595', '569355891', '569356174', '570245265', '570785273', '571014954', '571158701', '571240064', '571334928', '571517795', '571520577', '571568082', '571663109', '571712605', '571714610', '571723851', '571731472', '571804209', '571864389', '571864424', '571976364', '571976433', '571976599', '572221533', '572221603', '572221666', '572221698', '572221717', '572223591', '572259822', '572899018', '573156623', '573200022', '573497217', '573516094', '573928577', '574017908', '574527226', '575063415', '575401985', '575953129', '576254358', '576254846', '576544968', '576632305', '576744315', '576795676', '576855492', '576970945', '576990809', '577006610', '577019943', '577030389', '577257927', '577327105', '577335433', '577366192', '577400328', '577414014', '577474755', '577484812', '577530394', '577530406', '577539573', '577556939', '578616154', '578616527', '578616740', '578617028', '579160592', '579160780', '579160962', '579161110', '579840367', '579841026', '579879599', '580086472', '580189740', '580319723', '580344693', '580407728', '580407872', '580530809', '580663100', '580684157', '580793375', '580794052', '581718582']",[]
