reviewId,cbid,ccid,guid,userId,nickName,avatar,segmentId,content,status,createTime,createTimestamp,updateTime,quoteReviewId,quoteContent,quoteGuid,quoteUserId,quoteNickName,type,likeCount,dislikeCount,userLike,userDislike,isSelf,essenceStatus,riseStatus,level,imagePre,imageDetail,rootReviewId,rootReviewReplyCount,ipAddress
839246052636557312,22302167000853302,95787155209795512,120251055227,384477866,ä¹¦å‹20220507124259298,https://qidian.gtimg.com/qd/images/ico/default_user.0.2.png,-1,6,1,2023-02-04 21:40:27,1675518027,2023-02-11 21:40:28,0,,0,0,,2,1,0,False,False,False,False,False,3,,,839246052636557312,0,æ²³åŒ—
370121506086256640,22302167000853302,95787155209795512,854012033755,335235327,å‡Œé›²ç­±é¢¨,https://qidian.qpic.cn/qd_face/349573/11867147/100,-1,å°è¯´å·²æ”¶è— éº»çƒ¦å¤§å®¶ç‚¹ä¸ªèµ ğŸ˜‚,1,2019-07-21 08:46:59,1563670019,2024-02-11 16:45:57,0,,0,0,,2,28,0,False,False,False,False,False,2,,,370121506086256640,0,é‡åº†
337987768682676224,22302167000853302,95787155209795512,119098356157,326038904,ä¸€æœ¬å°è¯´è€Œå·²,https://qidian.qpic.cn/qd_face/349573/227/100,-1,éº»çƒ¦è¯·å¤§å®¶æ”¶è—,1,2019-04-23 16:38:59,1556008739,2024-01-08 11:12:16,0,,0,0,,2,21,0,False,False,False,False,False,1,,,337987768682676224,0,å¹¿è¥¿å£®æ—è‡ªæ²»åŒº
903427008636911616,22302167000853302,95787155209795512,129623097080,364774651,è«æˆ®å¼¦,https://qidian.qpic.cn/qd_face/349573/9158013/100,66,è¿™è¿˜æ˜¯æœªæˆå¹´å•Šï¼Œä¸æ˜¯å§ä¸æ˜¯å§,1,2023-08-01 00:12:40,1690819960,2023-08-08 00:12:40,0,,0,0,,2,0,0,False,False,False,False,False,8,,,903427008636911616,0,æœªçŸ¥
746304292851417088,22302167000853302,95787155209795512,854034469434,370060090,è´æ‹‰ä¸ºä»€ä¹ˆæ˜¯ç¥,https://qidian.qpic.cn/qd_face/349573/8893363/100,66,æ— è„‘çˆ½æ–‡,1,2022-05-24 10:23:05,1653358985,2023-05-15 10:21:40,0,,0,0,,2,6,0,False,False,False,False,False,7,,,746304292851417088,0,æ—¥æœ¬
456384448754221056,22302167000853302,95787155209795512,800000304345,304345,zzx11,https://qidian.qpic.cn/qd_face/349573/102/100,66,å«è„šçš„å¤šæ˜¯æ²¡è„‘å­çš„ï¼Œè¿™ä¸ªæ—¶å€™æ‰¾å¥³äºº,1,2020-03-15 09:45:08,1584236708,2024-02-16 19:12:29,0,,0,0,,2,24,0,False,False,False,False,False,6,,,456384448754221056,0,æœªçŸ¥
381115384008343552,22302167000853302,95787155209795512,854012363294,336062079,é•¿å®‰åŸå¼ å…¬å­,https://qidian.qpic.cn/qd_face/349573/6937061/100,66,è¿™æ—¶å€™çš„å¥¹æ‰ä¸åˆ°18å²ï¼Œï¼Œï¼Œ******å—,1,2019-08-20 16:52:44,1566291164,2024-02-16 19:12:30,0,,0,0,,2,22,0,False,False,False,False,False,4,,,381115384008343552,0,æœªçŸ¥
370125672695267328,22302167000853302,95787155209795512,854012033755,335235327,å‡Œé›²ç­±é¢¨,https://qidian.qpic.cn/qd_face/349573/11867147/100,66,ä¿—è¯è¯´å¾—å¥½ï¼šç‰¡ä¸¹èŠ±ä¸‹æ­» åšé¬¼ä¹Ÿé£æµ ğŸ˜‚,1,2019-07-21 09:03:33,1563671013,2024-03-26 20:20:47,0,,0,0,,2,31,0,False,False,False,False,False,3,,,370125672695267328,0,é‡åº†
318836206211301376,22302167000853302,95787155209795512,250056222,216738805,å†¬å¤©ai,https://qidian.qpic.cn/qd_face/349573/3391855/100,66,å‘½éƒ½å¿«æ²¡æœ‰äº†ï¼Œè¿˜æƒ³è¿™ä¸ªå‘¢ã€‚,1,2019-03-01 20:17:31,1551442651,2024-02-16 19:12:32,0,,0,0,,2,27,0,False,False,False,False,False,1,,,318836206211301376,1,å¹¿ä¸œ
837488846412972032,22302167000853302,95787155209795512,120217047058,407141723,ä¹¦å‹20230129023752105,https://qidian.gtimg.com/qd/images/ico/default_user.0.2.png,5,è¿™äº›ä¿®ç‚¼ä¹‹äººåªçŸ¥é“æƒ…æƒ…çˆ±çˆ±å—ï¼Ÿèƒ½ä¸èƒ½æœ‰ç‚¹å‡ºæ¯,1,2023-01-31 01:17:57,1675099077,2024-03-05 01:03:54,0,,0,0,,2,4,0,False,False,False,False,False,4,,,837488846412972032,0,å®‰å¾½
635052642518827008,22302167000853302,95787155209795512,2084525573,367466686,æ–«è½®è€æ‰‹,https://qidian.qpic.cn/qd_face/349573/12191892/100,5,è¿™å‰é¢æ„Ÿæƒ…åŸ¹å…»çš„éƒ½å¿«åœ¨æˆ‘å¿ƒä¸­è¶…è¶Šå¥³ä¸»äº†[fn=31],1,2021-07-21 10:28:44,1626834524,2024-03-05 01:03:57,0,,0,0,,2,7,0,False,False,False,False,False,1,,,635052642518827008,2,å±±ä¸œ
776913398377086976,22302167000853302,95787155209795512,129805224621,391060527,äº‘æ³°è¿ªçš„æ£’,https://qidian.qpic.cn/qd_face/349573/9968786/100,6,ä»æ­¤åŒ–èº«å°è¿·å¼Ÿ[fn=58],1,2022-08-16 21:32:44,1660656764,2023-06-20 16:25:21,0,,0,0,,2,1,0,False,False,False,False,False,2,,,776913398377086976,0,æ¹–å—
643169265930862592,22302167000853302,95787155209795512,2102800751,355850664,åäºŒæ—¶æµ·,https://qidian.gtimg.com/qd/images/ico/default_user.0.2.png,6,å¥½å®¶ä¼™ï¼Œè·¯èµ°å®½äº†,1,2021-08-12 20:01:18,1628769678,2024-04-01 21:10:06,0,,0,0,,2,2,0,False,False,False,False,False,1,,,643169265930862592,0,å¹¿è¥¿å£®æ—è‡ªæ²»åŒº
976245898215424000,22302167000853302,95787155209795512,855078366986,423686557,é›·é¸£è±†,https://qidian.qpic.cn/qd_face/349573/268/100,70,è¿™è¦æ˜¯æ–¹æºâ€¦â€¦,1,02-17 22:48:56,1708181336,2024-02-24 22:48:56,0,,0,0,,2,0,0,False,False,False,False,False,7,,,976245898215424000,0,ä¸Šæµ·
674669563551547392,22302167000853302,95787155209795512,1767915701,335997237,ä¹¦å‹2021030110278528,https://qidian.gtimg.com/qd/images/ico/default_user.0.2.png,70,è¿™ä¸ªéº»çƒ¦ä¸æ˜¯è¯´ç‰§å°˜ï¼Œè¯´çš„æ•Œäººéº»çƒ¦äº†,1,2021-11-07 18:12:15,1636279935,2023-09-03 22:59:32,0,,0,0,,2,4,0,False,False,False,False,False,6,,,674669563551547392,0,æ¹–å—
579231706926743552,22302167000853302,95787155209795512,344335824,210525407,é‚ªé‚ªé‚ªé‚ªæ¶å¤§é­”ç‹,https://qidian.qpic.cn/qd_face/349573/8356519/100,70,æœ‰ç‚¹éº»çƒ¦ï¼Œä¸è¿‡é—®é¢˜ä¸å¤§,1,2021-02-17 09:36:16,1613525776,2021-02-24 09:36:17,0,,0,0,,2,0,0,False,False,False,False,False,5,,,579231706926743552,0,å››å·
517814018459828224,22302167000853302,95787155209795512,1159989626,211909516,Ceciliaèµ›èŒœè‰é›…,https://qidian.qpic.cn/qd_face/349573/8075604/100,70,éº»çƒ¦è™½ç„¶æœ‰ï¼Œä½†æ˜¯æŸ³åŸŸçš„å®è´å¯èƒ½å°±æœ‰æœºä¼šæ‰è½äº†å§,1,2020-08-31 22:04:18,1598882658,2023-09-11 19:59:51,0,,0,0,,2,5,0,False,False,False,False,False,3,,,517814018459828224,0,æµ™æ±Ÿ
480121094137970688,22302167000853302,95787155209795512,120008713631,322894731,æ®’åŠ«,https://qidian.qpic.cn/qd_face/349573/8268216/100,70,æœ‰äº›ã€‚ã€‚ã€‚,1,2020-05-19 21:46:05,1589895965,2020-05-19 21:46:05,0,,0,0,,2,0,0,False,False,False,False,False,2,,,480121094137970688,0,æœªçŸ¥
465277558053797888,22302167000853302,95787155209795512,800218061444,218061444,æ˜Šå¤©ç†ŠäºŒ,https://qidian.qpic.cn/qd_face/349573/120/100,70,æ€•å•¥ï¼Œè«å¸ˆä¸æ˜¯çœ‹ç€æ³¥å—,1,2020-04-08 22:43:10,1586356990,2020-04-08 22:43:10,0,,0,0,,2,0,0,False,False,False,False,False,1,,,465277558053797888,0,æœªçŸ¥
1006081673249423360,22302167000853302,95787155209795512,120402404050,424609734,GGhuishao,https://qidian.qpic.cn/qd_face/349573/11611255/100,10,è¿™ä¸ªæŸ³æ…•ç™½éƒ½ä¸å»æç²¾é­„ï¼Ÿå¤©å¤©æè¿™é˜´å†·,1,05-10 06:45:39,1715294739,2024-05-17 06:45:40,0,,0,0,,2,0,0,False,False,False,False,False,2,,,1006081673249423360,0,æ±Ÿè‹
747133372312190976,22302167000853302,95787155209795512,540370764,219838722,çˆ±åƒæ¡‘å¶çš„çŒª,https://qidian.qpic.cn/qd_face/349573/230/100,10,ç»å…¸é˜´å†·[fn=35],1,2022-05-26 17:17:33,1653556653,2023-07-06 09:37:09,0,,0,0,,2,2,0,False,False,False,False,False,1,,,747133372312190976,0,ä¸Šæµ·
822465413500764160,22302167000853302,95787155209795512,120176731005,401783845,ä¹¦å‹20221207085703261,https://qidian.gtimg.com/qd/images/ico/default_user.0.2.png,11,ç‚¹å“¥å¥½,1,2022-12-20 14:20:11,1671517211,2022-12-27 14:20:12,0,,0,0,,2,0,0,False,False,False,False,False,6,,,822465413500764160,0,å†…è’™å¤è‡ªæ²»åŒº
768177505369653248,22302167000853302,95787155209795512,431176339,323194937,ç¥cat,https://qidian.qpic.cn/qd_face/349573/6472945/100,11,æ—¥å¸¸è¡¨ç™½ä¹å°¾ç‹MMå¿ƒæ™´ï¼,1,2022-07-23 18:59:25,1658573965,2024-01-11 22:45:12,0,,0,0,,2,1,0,False,False,False,False,False,5,,,768177505369653248,1,æ¹–åŒ—
598264870999359488,22302167000853302,95787155209795512,2651462064,364693247,ä¹¦å‹20210408201727084,https://qidian.gtimg.com/qd/images/ico/default_user.0.2.png,11,ï¼Œï¼Œï¼Œï¼Œï¼Œï¼Œï¼Œ,1,2021-04-10 22:07:16,1618063636,2021-04-17 22:07:17,0,,0,0,,2,0,0,False,False,False,False,False,3,,,598264870999359488,0,æ²³å—
515910511901147136,22302167000853302,95787155209795512,617535233,316071073,ä¹¦å‹20180427090104306,https://qidian.gtimg.com/qd/images/ico/default_user.0.2.png,11,â€¦â€¦â€¦,1,2020-08-26 16:00:27,1598428827,2021-10-09 12:56:16,0,,0,0,,2,1,0,False,False,False,False,False,1,,,515910511901147136,2,åŒ—äº¬
963024241438883840,22302167000853302,95787155209795512,129602436213,416325156,ä¹¦å‹20230516094202406,https://qidian.gtimg.com/qd/images/ico/default_user.0.2.png,16,ä¾¥å¹¸è€Œå·²,1,01-12 11:10:47,1705029047,2024-01-19 11:10:48,0,,0,0,,2,0,0,False,False,False,False,False,4,,,963024241438883840,0,æœªçŸ¥
491662935744184320,22302167000853302,95787155209795512,120113845846,336996159,è’å¤œç¦»,https://qidian.qpic.cn/qd_face/349573/9531139/100,16,è¿™ä¸ªè¿˜å¥½ï¼Œæ¯•ç«Ÿç‰§å°˜å¤©èµ‹åœ¨æ•´ä¸ªå¤§åƒä¸–ç•Œéƒ½æ²¡ä»€ä¹ˆäººèƒ½æ¯”,1,2020-06-20 18:09:14,1592647754,2023-07-05 00:17:17,0,,0,0,,2,5,0,False,False,False,False,False,3,,,491662935744184320,0,æœªçŸ¥
467082298785923072,22302167000853302,95787155209795512,1273212422,344977727,åè½¬åšæŒä¸æ‡ˆè›Š,https://qidian.gtimg.com/qd/images/ico/default_user.0.2.png,16,ä¸€ä¸ªæœˆè·¨è¶Š2ä¸ªå¢ƒç•Œ å‡çš„ä¸€æ ·,1,2020-04-13 22:14:34,1586787274,2020-04-13 22:14:34,0,,0,0,,2,0,0,False,False,False,False,False,2,,,467082298785923072,0,æœªçŸ¥
448214888863760385,22302167000853302,95787155209795512,1571840298,318354462,æ˜“çŸ¥ä¸€,https://qidian.qpic.cn/qd_face/349573/6974507/100,16,é—¹ç€ç©,1,2020-02-21 20:42:13,1582288933,2020-02-21 20:42:13,0,,0,0,,2,1,0,False,False,False,False,False,1,,,448214888863760385,0,æœªçŸ¥
318438794577641472,22302167000853302,95787155209795512,418365998,312861777,é›¶çµlin0,https://qidian.qpic.cn/qd_face/349573/6360370/100,17,å«ä½ ä¸å¸¦é˜²ç‹¼å–·é›¾,1,2019-02-28 17:58:21,1551347901,2024-05-22 23:07:46,0,,0,0,,2,56,0,False,False,False,True,False,1,,,318438794577641472,1,ç¦å»º
370123315731300352,22302167000853302,95787155209795512,854012033755,335235327,å‡Œé›²ç­±é¢¨,https://qidian.qpic.cn/qd_face/349573/11867147/100,17,èŠŠå„¿å°å§å§å¥½å¯çˆ±çš„è¯´ ,1,2019-07-21 08:54:11,1563670451,2024-05-22 23:07:45,0,,0,0,,2,35,0,False,False,False,True,False,3,,,370123315731300352,0,é‡åº†
876095109795151872,22302167000853302,95787155209795512,1727308541,411050742,é˜³æ¡‘,https://qidian.qpic.cn/qd_face/349573/10880029/100,17,å˜æ€ æ‘¸æˆ‘è…¿å¹²å˜›,1,2023-05-17 14:05:27,1684303527,2023-06-10 12:07:53,0,,0,0,,2,1,0,False,False,False,False,False,16,,,876095109795151872,0,æœªçŸ¥
812313794184413184,22302167000853302,95787155209795512,1564434936,323363756,é©¬äº†é©¬äº†åˆ«éª‚äº†,https://qidian.qpic.cn/qd_face/349573/10296011/100,17,æƒ³ä¸æƒ³çœ‹ç‚¹æ›´å˜æ€çš„[fn=58],1,2022-11-22 14:01:16,1669096876,2023-08-05 19:06:33,0,,0,0,,2,5,0,False,False,False,False,False,14,,,812313794184413184,1,å±±ä¸œ
776913604866932736,22302167000853302,95787155209795512,129805224621,391060527,äº‘æ³°è¿ªçš„æ£’,https://qidian.qpic.cn/qd_face/349573/9968786/100,17,é›…è ›è¶[fn=37][fn=37],1,2022-08-16 21:33:34,1660656814,2022-09-08 02:19:13,0,,0,0,,2,2,0,False,False,False,False,False,12,,,776913604866932736,0,æ¹–å—
626191807868370944,22302167000853302,95787155209795512,854023936318,358364809,æ˜Ÿå°˜æ—…å®¢,https://qidian.qpic.cn/qd_face/349573/11842516/100,17,ä¸»è§’æœ¬æ¥éƒ½æ˜¯å˜æ€ã€‚,1,2021-06-26 23:38:57,1624721937,2022-10-04 21:48:35,0,,0,0,,2,5,0,False,False,False,False,False,11,,,626191807868370944,0,æµ™æ±Ÿ
618433935491334144,22302167000853302,95787155209795512,2960683856,313858255,å¹³å¹³æ— å¥‡æå¤ªç™½,https://qidian.qpic.cn/qd_face/349573/7756746/100,17,å“’å’©å“’å’©å“’å’©,1,2021-06-05 13:51:56,1622872316,2022-09-08 02:19:14,0,,0,0,,2,3,0,False,False,False,False,False,10,,,618433935491334144,0,äº‘å—
610185766399705088,22302167000853302,95787155209795512,2719845342,363196983,å›è«ç¬‘ä¼Šäººæ³ª,https://qidian.qpic.cn/qd_face/349573/12086199/100,17,å‘¨å…ƒå››ä¸–,1,2021-05-13 19:36:39,1620905799,2023-05-08 15:08:34,0,,0,0,,2,5,0,False,False,False,False,False,9,,,610185766399705088,1,å¹¿è¥¿å£®æ—è‡ªæ²»åŒº
470365670836600832,22302167000853302,95787155209795512,120129632195,339424041,Pencc,https://qidian.gtimg.com/qd/images/ico/default_user.0.2.png,17,æ­»å˜æ€,1,2020-04-22 23:41:31,1587570091,2022-09-08 02:19:18,0,,0,0,,2,7,0,False,False,False,False,False,8,,,470365670836600832,0,æœªçŸ¥
462563403853201408,22302167000853302,95787155209795512,129617099574,343738732,ä¹¦å‹20200223210437397,https://qidian.gtimg.com/qd/images/ico/default_user.0.2.png,17,åˆè§é€¼ç‹,1,2020-04-01 10:58:05,1585709885,2023-07-05 01:08:38,0,,0,0,,2,5,0,False,False,False,False,False,7,,,462563403853201408,0,æœªçŸ¥
424566773967421440,22302167000853302,95787155209795512,120031592848,326660825,ååˆ†å°ç‹‚,https://qidian.qpic.cn/qd_face/349573/6334419/100,17,Bç‹äºŒä¸–,1,2019-12-18 14:33:03,1576650783,2022-09-08 02:19:21,0,,0,0,,2,7,0,False,False,False,False,False,4,,,424566773967421440,1,æœªçŸ¥
370123315731300352,22302167000853302,95787155209795512,854012033755,335235327,å‡Œé›²ç­±é¢¨,https://qidian.qpic.cn/qd_face/349573/11867147/100,17,èŠŠå„¿å°å§å§å¥½å¯çˆ±çš„è¯´ ,1,2019-07-21 08:54:11,1563670451,2024-05-22 23:07:45,0,,0,0,,2,35,0,False,False,False,False,False,3,,,370123315731300352,0,é‡åº†
318438794577641472,22302167000853302,95787155209795512,418365998,312861777,é›¶çµlin0,https://qidian.qpic.cn/qd_face/349573/6360370/100,17,å«ä½ ä¸å¸¦é˜²ç‹¼å–·é›¾,1,2019-02-28 17:58:21,1551347901,2024-05-22 23:07:46,0,,0,0,,2,56,0,False,False,False,False,False,1,,,318438794577641472,1,ç¦å»º
1001326794144415744,22302167000853302,95787155209795512,120007063926,317234992,å¤œæ“æ‚”,https://qidian.qpic.cn/qd_face/349573/251/100,18,æ”»å®ˆä¹‹åŠ¿å¼‚ä¹Ÿ,1,04-27 03:51:27,1714161087,2024-05-04 03:51:28,0,,0,0,,2,0,0,False,False,False,False,False,1,,,1001326794144415744,0,å¹¿ä¸œ
635053101514162176,22302167000853302,95787155209795512,2084525573,367466686,æ–«è½®è€æ‰‹,https://qidian.qpic.cn/qd_face/349573/12191892/100,19,å‘µå‘µğŸ™‚,1,2021-07-21 10:30:34,1626834634,2024-01-16 00:08:50,0,,0,0,,2,4,0,False,False,False,False,False,2,,,635053101514162176,0,å±±ä¸œ
462563470886502400,22302167000853302,95787155209795512,129617099574,343738732,ä¹¦å‹20200223210437397,https://qidian.gtimg.com/qd/images/ico/default_user.0.2.png,19,å¥½æ•·è¡â€¦â€¦,1,2020-04-01 10:58:21,1585709901,2024-01-16 00:08:50,0,,0,0,,2,6,0,False,False,False,False,False,1,,,462563470886502400,0,æœªçŸ¥
887052983316840448,22302167000853302,95787155209795512,120362797504,419218997,ä¹¦å‹20230616162353961,https://qidian.gtimg.com/qd/images/ico/default_user.0.2.png,20,ç»™ä½ å¤§æ‹‡å“¥,1,2023-06-16 19:48:08,1686916088,2023-06-23 19:48:08,0,,0,0,,2,0,0,False,False,False,False,False,1,,,887052983316840448,0,æ¹–åŒ—
894837171780648960,22302167000853302,95787155209795512,900010611540,420550810,ä¹¦å‹20230628093456161,https://qidian.gtimg.com/qd/images/ico/default_user.0.2.png,21,çŸ¥é“å•¦ï½ï½ï½,1,2023-07-08 07:19:43,1688771983,2023-07-15 07:19:44,0,,0,0,,2,0,0,False,False,False,False,False,1,,,894837171780648960,0,æ²³åŒ—
898566720573997057,22302167000853302,95787155209795512,120234853219,384161679,SakuraUE,https://qidian.qpic.cn/qd_face/349573/9648530/100,23,â€¦,1,2023-07-18 14:19:37,1689661177,2023-07-25 14:19:37,0,,0,0,,2,0,0,False,False,False,False,False,11,,,898566720573997057,0,è¾½å®
826191128617091072,22302167000853302,95787155209795512,120331044817,400360352,è¿™ä¸ªåå­—æŒºå¥½,https://qidian.gtimg.com/qd/images/ico/default_user.0.2.png,23,...,1,2022-12-30 21:04:51,1672405491,2023-01-06 21:04:51,0,,0,0,,2,0,0,False,False,False,False,False,10,,,826191128617091072,0,å¹¿è¥¿å£®æ—è‡ªæ²»åŒº
798829579325276160,22302167000853302,95787155209795512,854055133681,397012724,ä¹¦å‹20221015230154401,https://qidian.gtimg.com/qd/images/ico/default_user.0.2.png,23,ç‚¹å“¥å¥½,1,2022-10-16 08:59:49,1665881989,2022-11-11 11:08:35,0,,0,0,,2,0,0,False,False,False,False,False,9,,,798829579325276160,0,æ²³åŒ—
779104705447133184,22302167000853302,95787155209795512,854051747304,392740329,ä¹¦å‹20220822004757821,https://qidian.gtimg.com/qd/images/ico/default_user.0.2.png,23,ä¸€å¤œæ— è¯,1,2022-08-22 22:40:13,1661179213,2023-03-10 00:59:45,0,,0,0,,2,1,0,False,False,False,False,False,8,,,779104705447133184,0,å¹¿ä¸œ
776913869972045824,22302167000853302,95787155209795512,129805224621,391060527,äº‘æ³°è¿ªçš„æ£’,https://qidian.qpic.cn/qd_face/349573/9968786/100,23,è¯´çš„å¥½,1,2022-08-16 21:34:37,1660656877,2022-08-23 21:34:37,0,,0,0,,2,0,0,False,False,False,False,False,7,,,776913869972045824,0,æ¹–å—
768178345035956224,22302167000853302,95787155209795512,431176339,323194937,ç¥cat,https://qidian.qpic.cn/qd_face/349573/6472945/100,23,æ—¥å¸¸è¡¨ç™½ä¹å°¾ç‹MMå¿ƒæ™´ï¼,1,2022-07-23 19:02:45,1658574165,2022-07-30 19:02:46,0,,0,0,,2,0,0,False,False,False,False,False,6,,,768178345035956224,0,æ¹–åŒ—
743499560667774976,22302167000853302,95787155209795512,854047459896,385259106,ä¹¦å‹20220515182505778,https://qidian.gtimg.com/qd/images/ico/default_user.0.2.png,23,ã€‚ã€‚ã€‚[fn=8],1,2022-05-16 16:38:05,1652690285,2022-05-23 16:38:05,0,,0,0,,2,0,0,False,False,False,False,False,5,,,743499560667774976,0,å››å·
689302105911001088,22302167000853302,95787155209795512,854040371924,376716325,é­ˆçƒ¬Jihn,https://qidian.qpic.cn/qd_face/349573/10546068/100,23,ã€‚ã€‚ã€‚,1,2021-12-18 03:16:44,1639768604,2021-12-25 03:16:45,0,,0,0,,2,0,0,False,False,False,False,False,4,,,689302105911001088,0,æ–°è¥¿å…°
617382454260531200,22302167000853302,95787155209795512,120183526097,353839595,å¯’çœ¸Iceeyes,https://qidian.qpic.cn/qd_face/349573/8065205/100,23,.........,1,2021-06-02 16:13:43,1622621623,2021-06-09 16:13:44,0,,0,0,,2,0,0,False,False,False,False,False,2,,,617382454260531200,0,æ²³åŒ—
515910679157538816,22302167000853302,95787155209795512,617535233,316071073,ä¹¦å‹20180427090104306,https://qidian.gtimg.com/qd/images/ico/default_user.0.2.png,23,â€¦â€¦â€¦,1,2020-08-26 16:01:07,1598428867,2021-10-09 12:57:14,0,,0,0,,2,1,0,False,False,False,False,False,1,,,515910679157538816,1,åŒ—äº¬
456383808464289792,22302167000853302,95787155209795512,800000304345,304345,zzx11,https://qidian.qpic.cn/qd_face/349573/102/100,25,è·Ÿä¸Š,1,2020-03-15 09:42:35,1584236555,2020-03-15 09:42:35,0,,0,0,,2,0,0,False,False,False,False,False,5,,,456383808464289792,0,æœªçŸ¥
449308905177350144,22302167000853302,95787155209795512,2024966107,338806592,çˆ±ç¥ç‚,https://qidian.qpic.cn/qd_face/349573/7742943/100,25,ä¸€æ¥¼äººå‘¢,1,2020-02-24 21:09:27,1582549767,2020-02-24 21:09:27,0,,0,0,,2,0,0,False,False,False,False,False,4,,,449308905177350144,0,æœªçŸ¥
410463119555624960,22302167000853302,95787155209795512,1062389280,338819085,å®‡æ™ºæ³¢ç‰›,https://qidian.qpic.cn/qd_face/349573/8075397/100,25,è¿™å¿«é€’åº”è¯¥æ˜¯è¢«ç‰§å°˜ç­¾æ”¶äº†,1,2019-11-09 16:30:10,1573288210,2024-01-12 11:11:49,0,,0,0,,2,25,0,False,False,False,False,False,2,,,410463119555624960,1,æœªçŸ¥
776914023093633024,22302167000853302,95787155209795512,129805224621,391060527,äº‘æ³°è¿ªçš„æ£’,https://qidian.qpic.cn/qd_face/349573/9968786/100,26,å¦‚æœæˆ‘çŒœçš„æ²¡é”™çš„è¯ï¼Œä»–ä»¬ä¼šç¢°åˆ°[fn=31],1,2022-08-16 21:35:13,1660656913,2022-08-23 21:35:14,0,,0,0,,2,0,0,False,False,False,False,False,1,,,776914023093633024,0,æ¹–å—
794080418872754176,22302167000853302,95787155209795512,120324662598,395910527,ä¹¦å‹20221003053805533,https://qidian.gtimg.com/qd/images/ico/default_user.0.2.png,29,çŒªè„šå¥½è¿è¿è¿å•Š,1,2022-10-03 06:28:21,1664749701,2022-10-10 06:28:22,0,,0,0,,2,0,0,False,False,False,False,False,2,,,794080418872754176,0,æ²³å—
692015937557364736,22302167000853302,95787155209795512,854049635232,375735062,ä¹¦å‹20211125221204867,https://qidian.gtimg.com/qd/images/ico/default_user.0.2.png,29,åˆ«æ‰¾äº†ï¼Œç›´æ¥å»å‘ä¸»è§’è¦å§ã€‚,1,2021-12-25 15:00:32,1640415632,2022-01-01 15:00:33,0,,0,0,,2,0,0,False,False,False,False,False,1,,,692015937557364736,0,æ±Ÿè¥¿
998262482295324672,22302167000853302,95787155209795512,120025892123,340056141,å·¨èŸ¹ä¸­çš„æˆ˜æ–—èŸ¹,https://qidian.gtimg.com/qd/images/ico/default_user.0.2.png,35,æˆ‘å§‹ç¥–é¸Ÿ,1,04-18 16:54:58,1713430498,2024-04-25 16:54:59,0,,0,0,,2,0,0,False,False,False,False,False,1,,,998262482295324672,0,æ±Ÿè‹
634027903218352128,22302167000853302,95787155209795512,120016087096,324292788,ä¹¦å‹20181113112107500,https://qidian.gtimg.com/qd/images/ico/default_user.0.2.png,38,é€å®,1,2021-07-18 14:36:48,1626590208,2024-05-23 19:46:39,0,,0,0,,2,3,0,False,False,False,False,False,1,,,634027903218352128,0,å±±è¥¿
465525641547218944,22302167000853302,95787155209795512,3284586189,314521337,sasilly,https://qidian.qpic.cn/qd_face/349573/8534760/100,39,å‘œï¼Œè¿˜æ˜¯èµ·ç‚¹å¥½å“‡ï¼Œåˆšæ‰QQé˜…è¯»è¿‡æ¥ï¼Œè¿™æœ¬ä¹¦çš„ä¹¦è¯„è¢«ç‹æºç²‰ä¸ç‚¸äº†ã€‚,1,2020-04-09 15:08:58,1586416138,2021-03-25 13:17:41,0,,0,0,,2,2,0,False,False,False,False,False,6,,,465525641547218944,1,æœªçŸ¥
462563905772912640,22302167000853302,95787155209795512,129617099574,343738732,ä¹¦å‹20200223210437397,https://qidian.gtimg.com/qd/images/ico/default_user.0.2.png,39,é€è´¢ç«¥å­æ¥äº†ï¼å“ˆå“ˆ(à²¡Ï‰à²¡),1,2020-04-01 11:00:05,1585710005,2021-06-19 15:24:50,0,,0,0,,2,2,0,False,False,False,False,False,5,,,462563905772912640,0,æœªçŸ¥
460552962675179520,22302167000853302,95787155209795512,81572404,345613632,ä¸€æšä¹‰æ—,https://qidian.qpic.cn/qd_face/349573/268/100,39,æµå¼Šå•Š,1,2020-03-26 21:49:19,1585230559,2020-03-26 21:49:19,0,,0,0,,2,1,0,False,False,False,False,False,4,,,460552962675179520,0,æœªçŸ¥
213563414067412992,22302167000853302,95787155209795512,1027334151,229692011,ä¸­äºŒå“ˆ,https://qidian.qpic.cn/qd_face/349573/232/100,39,"ä½ å¤§å“¥çš„æ„æ€æ˜¯ä¸»è§’æ²¡ä»€ä¹ˆè£…é€¼çš„ä¸œè¥¿ï¼Œè¦èµ¶ç´§é€å»æ‰è¡Œ
",1,2018-05-15 08:21:02,1526343662,2024-03-12 20:52:41,0,,0,0,,2,51,0,False,False,False,False,False,1,,,213563414067412992,2,å±±ä¸œ
632676140632440832,22302167000853302,95787155209795512,800218867593,218867593,æŸæœ¨ä¹‹æ¡¥,https://qidian.qpic.cn/qd_face/349573/9746420/100,40,é€ä¸Šé—¨çš„å¿«é€’å“ªæœ‰ä¸è¦çš„é“ç†,1,2021-07-14 21:05:22,1626267922,2024-04-01 21:10:29,0,,0,0,,2,4,0,False,False,False,False,False,2,,,632676140632440832,0,æ¹–åŒ—
575174820438933504,22302167000853302,95787155209795512,120175427499,358272332,è¯¡ç­–ç‹‚è°‹_ç–¯ä¸è§‰,https://qidian.qpic.cn/qd_face/349573/8283050/100,40,åŸæ¥æ˜¯é€å¿«é€’å»äº†[fn=18],1,2021-02-06 04:55:39,1612558539,2024-04-01 21:10:30,0,,0,0,,2,7,0,False,False,False,False,False,1,,,575174820438933504,0,å®‰å¾½
647836506051903488,22302167000853302,95787155209795512,3276229059,351635556,ä¹¦å‹20200720123114603,https://qidian.gtimg.com/qd/images/ico/default_user.0.2.png,41,è¿™ä¸€æ¥¼ï¼Œæœ¬é“å°±å´ä¹‹ä¸æ­äº†[fn=58],1,2021-08-25 17:07:15,1629882435,2022-12-07 16:55:09,0,,0,0,,2,1,0,False,False,False,False,False,1,,,647836506051903488,0,å››å·
455594167175938048,22302167000853302,95787155209795512,1914887015,305181610,TbuTsotd,https://qidian.qpic.cn/qd_face/349573/5936197/100,42,è¢«äººè¿½æ€çš„æ—¶å€™è¿˜æœ‰å¿ƒæ€å¥½è‰²ï¼Œè¿™ä¸ªè¡€å± è«æ€•æ˜¯ä¸ªè„‘å­é‡ŒçŒæ»¡äº†ç²¾è™«,1,2020-03-13 05:24:50,1584048290,2024-05-22 12:53:05,0,,0,0,,2,64,0,False,False,False,True,False,9,,,455594167175938048,0,æœªçŸ¥
859808998500335616,22302167000853302,95787155209795512,120107764441,401708597,è™”ä¿¡ä¹‹åŠ›,https://qidian.gtimg.com/qd/images/ico/default_user.0.2.png,42,æˆ‘ç¬¬ä¸€æ¬¡çœ‹ï¼Œæˆ‘çŒœåæ¥çš„å‰§æƒ…å°±æ˜¯ä¸»è§’æ„å¤–å¹²æ‰è¡€å± ï¼Œé¡ºæ‰‹æ‹¿äº†æŸ³å®¶çš„å®è´ä¸è¿˜ï¼Œç„¶åè¢«æŸ³å®¶é’ˆå¯¹ï¼Œæœ€åä¸»è§’ä»£è¡¨ç‰§åŸŸæ‰“è´¥äº†æŸ³å®¶ï¼Œå†ä¹‹åå°±è¯¥ç¦»å¼€æ–°æ‰‹æ‘äº†ã€‚æˆ‘è§‰å¾—æˆ‘è‡³å°‘èƒ½çŒœå¯¹ä¸€åŠå§ã€‚,1,2023-04-02 15:30:16,1680420616,2024-05-22 12:53:06,0,,0,0,,2,45,0,False,False,False,True,False,15,,,859808998500335616,2,æ²³å—
991276576212254720,22302167000853302,95787155209795512,120444797867,442848020,é’å±±1ç‰‡äº‘é›¾,https://qidian.qpic.cn/qd_face/349573/12019652/100,42,ä½ å°å­æŒºbabyå•Š,1,03-30 10:15:29,1711764929,2024-04-06 10:15:29,0,,0,0,,2,0,0,False,False,False,False,False,19,,,991276576212254720,0,æ±Ÿè‹
859808998500335616,22302167000853302,95787155209795512,120107764441,401708597,è™”ä¿¡ä¹‹åŠ›,https://qidian.gtimg.com/qd/images/ico/default_user.0.2.png,42,æˆ‘ç¬¬ä¸€æ¬¡çœ‹ï¼Œæˆ‘çŒœåæ¥çš„å‰§æƒ…å°±æ˜¯ä¸»è§’æ„å¤–å¹²æ‰è¡€å± ï¼Œé¡ºæ‰‹æ‹¿äº†æŸ³å®¶çš„å®è´ä¸è¿˜ï¼Œç„¶åè¢«æŸ³å®¶é’ˆå¯¹ï¼Œæœ€åä¸»è§’ä»£è¡¨ç‰§åŸŸæ‰“è´¥äº†æŸ³å®¶ï¼Œå†ä¹‹åå°±è¯¥ç¦»å¼€æ–°æ‰‹æ‘äº†ã€‚æˆ‘è§‰å¾—æˆ‘è‡³å°‘èƒ½çŒœå¯¹ä¸€åŠå§ã€‚,1,2023-04-02 15:30:16,1680420616,2024-06-01 00:39:19,0,,0,0,,2,47,0,False,False,False,False,False,15,,,859808998500335616,2,æ²³å—
774021959452393472,22302167000853302,95787155209795512,854051067488,391827377,ä¹¦å‹20220808145905499,https://qidian.gtimg.com/qd/images/ico/default_user.0.2.png,42,å¥½è‰²ä¸ªå¤´ ä½ è¢«äººè¿½æ€åˆ°æ·±å±±é‡å¤–è¿˜è¢«åŒ…å›´äº† ç„¶åé‡åˆ°ä¸ªå°å§‘å¨˜å°±å†³å®šä¸è·‘äº†å…ˆçˆ½ä¸€å‘å†è¯´ï¼Ÿæˆ‘çœ‹å°±æ˜¯æ¥ç»™ä¸»è§’é€å®çš„,1,2022-08-08 22:03:12,1659967392,2024-06-01 00:39:31,0,,0,0,,2,34,0,False,False,False,False,False,14,,,774021959452393472,0,ä¸­å›½å°æ¹¾
720776520309932032,22302167000853302,95787155209795512,907467657,331635524,åé‡Œå…«ä¹¡æœ‰åçš„ä¿Šåç”Ÿy,https://qidian.qpic.cn/qd_face/349573/8358896/100,42,å‰é¢è¿˜å†™ç€è¿™ä¸ªæºœå¢“æ‹œè¿˜æ˜¯é›ç¾Šå¯¹å”èŠŠå„¿æœ‰æ„æ€å‘¢ï¼Œè¿™ä¼šå°±è¿™æ ·ï¼Ÿå‘µ,1,2022-03-14 23:44:50,1647272690,2024-06-01 00:39:33,0,,0,0,,2,10,0,False,False,False,False,False,12,https://qdreaderpic-1252317822.file.myqcloud.com/55809201/d267ac25cec9484abf7fa1c93df0b7a8_original.jpg,https://qdreaderpic-1252317822.file.myqcloud.com/55809201/d267ac25cec9484abf7fa1c93df0b7a8_original.jpg,720776520309932032,1,å¹¿è¥¿å£®æ—è‡ªæ²»åŒº
455594167175938048,22302167000853302,95787155209795512,1914887015,305181610,TbuTsotd,https://qidian.qpic.cn/qd_face/349573/5936197/100,42,è¢«äººè¿½æ€çš„æ—¶å€™è¿˜æœ‰å¿ƒæ€å¥½è‰²ï¼Œè¿™ä¸ªè¡€å± è«æ€•æ˜¯ä¸ªè„‘å­é‡ŒçŒæ»¡äº†ç²¾è™«,1,2020-03-13 05:24:50,1584048290,2024-06-01 00:39:18,0,,0,0,,2,66,0,False,False,False,False,False,9,,,455594167175938048,0,æœªçŸ¥
394225364269924352,22302167000853302,95787155209795512,120004782178,310751052,æ•™åœŸè±†è¯­æ–‡çš„ä½“è‚²è€å¸ˆ,https://qidian.qpic.cn/qd_face/349573/7017228/100,42,è¯´ä¸å®šè¢«å°å°˜å­æˆªè„äº†[fn=21],1,2019-09-25 21:07:07,1569416827,2023-07-05 01:11:13,0,,0,0,,2,14,0,False,False,False,False,False,7,,,394225364269924352,0,æœªçŸ¥
391876093772103680,22302167000853302,95787155209795512,2952391986,332054844,maye666,https://qidian.qpic.cn/qd_face/349573/284/100,42,ä¸€èˆ¬è¿™ç§æƒ…å†µä¸ä»…ä¸ä¼šå¹²æ‰çŒªè„šï¼Œè¿˜ä¼šç»™ä¸»è§’å¸¦æ¥å¥½å¤„,1,2019-09-19 09:31:57,1568856717,2024-03-02 01:07:36,0,,0,0,,2,18,0,False,False,False,False,False,6,,,391876093772103680,0,æœªçŸ¥
370124301355057152,22302167000853302,95787155209795512,854012033755,335235327,å‡Œé›²ç­±é¢¨,https://qidian.qpic.cn/qd_face/349573/11867147/100,42,å¥½ä¸€æ‹›å€Ÿåˆ€æ€äºº ,1,2019-07-21 08:58:06,1563670686,2023-03-27 00:58:42,0,,0,0,,2,6,0,False,False,False,False,False,5,,,370124301355057152,0,é‡åº†
341984661444034560,22302167000853302,95787155209795512,851001517783,225058506,å‡¡å°˜å®¿æ¢¦,https://qidian.gtimg.com/qd/images/ico/default_user.0.2.png,42,å‚»ç‹—å§ï¼Œé€ƒå‘½çš„è¿‡ç¨‹ä¸­è¿˜æœ‰å¿ƒæ€å¥½è‰²ã€‚,1,2019-05-04 17:21:13,1556961673,2024-03-02 01:07:38,0,,0,0,,2,25,0,False,False,False,False,False,3,,,341984661444034560,1,é™•è¥¿
238631602832474112,22302167000853302,95787155209795512,727080430,311544469,æ»šæ»šå‰ç¥¥,https://qidian.qpic.cn/qd_face/349573/5520429/100,42,åˆæ˜¯å¥¹æ‹–åè…¿,1,2018-07-23 12:33:03,1532320383,2023-07-05 00:33:08,0,,0,0,,2,6,0,False,False,False,False,False,1,,,238631602832474112,3,å¹¿è¥¿
768179727293808640,22302167000853302,95787155209795512,431176339,323194937,ç¥cat,https://qidian.qpic.cn/qd_face/349573/6472945/100,45,æ—¥å¸¸è¡¨ç™½ä¹å°¾ç‹MMå¿ƒæ™´ï¼,1,2022-07-23 19:08:15,1658574495,2024-01-11 22:49:00,0,,0,0,,2,2,0,False,False,False,False,False,7,,,768179727293808640,0,æ¹–åŒ—
743499998003593216,22302167000853302,95787155209795512,854047459896,385259106,ä¹¦å‹20220515182505778,https://qidian.gtimg.com/qd/images/ico/default_user.0.2.png,45,ã€‚ã€‚ã€‚[fn=8],1,2022-05-16 16:39:49,1652690389,2022-05-23 16:39:50,0,,0,0,,2,0,0,False,False,False,False,False,6,,,743499998003593216,0,å››å·
555474822663045120,22302167000853302,95787155209795512,120134030353,340835532,1é‘«1é‘«1,https://qidian.qpic.cn/qd_face/349573/8600323/100,45,"ï¼Œï¼Œï¼Œï¼Œï¼Œï¼Œ
ï¼ˆå¥¹è¯´å¥¹ä¸å–œæ¬¢å¥å·ï¼‰",1,2020-12-13 20:14:54,1607861694,2021-04-26 10:52:50,0,,0,0,,2,1,0,False,False,False,False,False,4,,,555474822663045120,0,äº‘å—
541952032622510080,22302167000853302,95787155209795512,120102865284,356581861,ä¹¦å‹20201031092959667,https://qidian.gtimg.com/qd/images/ico/default_user.0.2.png,45,ã€‚ã€‚ã€‚ã€‚,1,2020-11-06 12:40:09,1604637609,2020-11-13 12:40:10,0,,0,0,,2,0,0,False,False,False,False,False,3,,,541952032622510080,0,æ²³å—
541756912329490432,22302167000853302,95787155209795512,120122110810,338964736,ä¹¦å‹20191022102336127,https://qidian.gtimg.com/qd/images/ico/default_user.0.2.png,45,.........,1,2020-11-05 23:44:49,1604591089,2020-11-12 23:44:50,0,,0,0,,2,0,0,False,False,False,False,False,2,,,541756912329490432,0,æµ™æ±Ÿ
515911430395002880,22302167000853302,95787155209795512,617535233,316071073,ä¹¦å‹20180427090104306,https://qidian.gtimg.com/qd/images/ico/default_user.0.2.png,45,â€¦â€¦â€¦,1,2020-08-26 16:04:06,1598429046,2021-01-04 23:12:58,0,,0,0,,2,0,0,False,False,False,False,False,1,,,515911430395002880,1,åŒ—äº¬
769227380752646144,22302167000853302,95787155209795512,120300896343,390770583,ç‹¬çˆ±DHL,https://qidian.qpic.cn/qd_face/349573/9957433/100,49,[fn=45],1,2022-07-26 16:31:15,1658824275,2022-08-02 16:31:16,0,,0,0,,2,0,0,False,False,False,False,False,7,,,769227380752646144,0,æ±Ÿè¥¿
618434533913722880,22302167000853302,95787155209795512,2960683856,313858255,å¹³å¹³æ— å¥‡æå¤ªç™½,https://qidian.qpic.cn/qd_face/349573/7756746/100,49,ä¸€å¤©ç¬‘ç¬‘ç¬‘ï¼Œä¸€å¤©ç¬‘å‡ ç™¾éï¼Œç¬‘ä¸ªæ²¡å®Œæ²¡äº†[fn=17],1,2021-06-05 13:54:19,1622872459,2021-06-12 13:54:19,0,,0,0,,2,0,0,False,False,False,False,False,6,,,618434533913722880,0,äº‘å—
555475026384781312,22302167000853302,95787155209795512,120134030353,340835532,1é‘«1é‘«1,https://qidian.qpic.cn/qd_face/349573/8600323/100,49,å‘”ï¼å¦–ç²¾ï¼Œå¿«è¿˜æˆ‘çˆ·çˆ·,1,2020-12-13 20:15:42,1607861742,2021-06-02 16:15:51,0,,0,0,,2,1,0,False,False,False,False,False,5,,,555475026384781312,0,äº‘å—
523787940476813312,22302167000853302,95787155209795512,854004029579,331576898,ç»¿é‡ç‹¬è¡Œ,https://qidian.qpic.cn/qd_face/349573/7025078/100,49,æ”¾å¼€é‚£ä¸ªå¥³å­©ï¼Œè®©æˆ‘æ¥ï¼,1,2020-09-17 09:42:32,1600306952,2021-06-02 16:15:51,0,,0,0,,2,2,0,False,False,False,False,False,4,,,523787940476813312,0,æµ™æ±Ÿ
476730053690982400,22302167000853302,95787155209795512,854004490517,306066746,ä¸€å‘å‡å¤©,https://qidian.qpic.cn/qd_face/349573/241/100,49,ç§ƒé©´ä¼‘è¦è’å™ªï¼,1,2020-05-10 13:11:18,1589087478,2021-06-02 16:15:45,0,,0,0,,2,3,0,False,False,False,False,False,3,,,476730053690982400,0,æœªçŸ¥
449309590316843008,22302167000853302,95787155209795512,2024966107,338806592,çˆ±ç¥ç‚,https://qidian.qpic.cn/qd_face/349573/7742943/100,49,ï¼Ÿ,1,2020-02-24 21:12:10,1582549930,2020-10-08 00:09:45,0,,0,0,,2,4,0,False,False,False,False,False,1,,,449309590316843008,1,æœªçŸ¥
622257329995382784,22302167000853302,95787155209795512,120003179613,305083302,æœ€ååœ¨çœ‹äº¿é,https://qidian.qpic.cn/qd_face/349573/8789964/100,58,è¢«ä»–è£…åˆ°äº†[fn=31],1,2021-06-16 03:04:44,1623783884,2021-06-23 03:04:45,0,,0,0,,2,1,0,False,False,False,False,False,1,,,622257329995382784,0,åŒ—äº¬
803610783236947968,22302167000853302,95787155209795512,854055062487,398080194,ä¹¦å‹20221028180529341,https://qidian.gtimg.com/qd/images/ico/default_user.0.2.png,59,è®¨åŒçš„å®¶ä¼™ï¼Œå“å“Ÿå–‚,1,2022-10-29 13:38:37,1667021917,2023-01-12 18:01:43,0,,0,0,,2,1,0,False,False,False,False,False,1,,,803610783236947968,0,è´µå·
448216803278192640,22302167000853302,95787155209795512,1571840298,318354462,æ˜“çŸ¥ä¸€,https://qidian.qpic.cn/qd_face/349573/6974507/100,60,å•Šå“ˆï¼Œå¥½çªå…€,1,2020-02-21 20:49:49,1582289389,2021-08-12 20:05:28,0,,0,0,,2,1,0,False,False,False,False,False,1,,,448216803278192640,0,æœªçŸ¥
